STAID_TEXT,STAID,STANAME,DRAIN_SQKM,IMPNLCD06,IC1940,IC1950,IC1960,IC1970,IC1980,IC1990,IC2000,IC2010,Decadal Rate
01097300,1097300,"NASHOBA BROOK NEAR ACTON, MA",30.8718,11.043,5.5,5.7,6.1,7.2,8.6,9.8,10.7,11.1,0.81%
01097380,1097380,"NASHOBA BROOK, COMMONWEALTH AVE AT W. CONCORD, MA",120.4119,10.379,4.2,4.6,5.8,7.9,10.2,10.8,11.7,12.0,1.12%
01100600,1100600,"SHAWSHEEN RIVER NEAR WILMINGTON, MA",96.4215,26.875,14.6,15.8,19.0,22.0,23.6,24.5,25.3,25.7,1.58%
01100627,1100627,"SHAWSHEEN RIVER AT BALMORAL STREET AT ANDOVER, MA",173.1114,26.211,10.7,11.6,14.1,16.4,18.2,19.9,21.0,21.4,1.53%
01102500,1102500,"ABERJONA RIVER AT WINCHESTER, MA",59.74671,41.936,24.5,26.1,30.5,32.9,34.6,36.3,37.2,37.5,1.87%
01103025,1103025,"ALEWIFE BROOK NEAR ARLINGTON, MA",21.5235,51.434,37.3,38.8,39.7,40.1,40.7,40.7,40.8,40.9,0.51%
01103280,1103280,"CHARLES RIVER AT MEDWAY, MA",169.119,16.765,7.7,8.2,9.4,11.2,12.4,13.9,15.5,16.0,1.19%
01103500,1103500,"CHARLES RIVER AT DOVER, MA",473.3199,12.552,4.7,5.4,6.9,8.3,9.6,10.5,11.2,11.6,0.98%
01104200,1104200,"CHARLES RIVER AT WELLESLEY, MA",548.3745,14.414,16.7,18.8,22.1,23.8,24.5,25.1,25.6,26.1,1.34%
01105600,1105600,"OLD SWAMP RIVER NEAR SOUTH WEYMOUTH, MA",12.6603,27.295,15.2,17.5,20.2,22.4,24.2,25.5,26.3,27.5,1.76%
01105638,1105638,"WEIR RIVER AT LEAVITT STREET AT HINGHAM, MA",39.2292,12.424,6.7,7.6,9.4,10.6,11.7,12.3,12.5,13.3,0.94%
01105730,1105730,"INDIAN HEAD RIVER AT HANOVER, MA",79.5672,16.913,7.3,8.2,10.2,11.9,12.9,14.0,15.1,16.1,1.25%
01105933,1105933,"PASKAMANSET RIVER NEAR SOUTH DARTMOUTH, MA",68.0985,14.774,8.1,8.6,9.5,10.7,11.9,12.8,13.6,14.3,0.88%
01106500,1106500,"MATFIELD RIVER AT ELMWOOD, MA",104.4702,27.674,15.0,16.1,18.8,21.8,23.6,24.2,24.7,25.6,1.51%
01108320,1108320,"CANOE RIVER NEAR NORTON, MA",57.8601,10.522,2.5,2.7,3.5,4.9,7.4,9.2,10.7,11.2,1.25%
01108410,1108410,"MILL RIVER AT SPRING STREET AT TAUNTON, MA",122.022,10.661,5.1,5.4,5.8,6.6,8.5,9.6,10.4,10.9,0.83%
01108500,1108500,"WADING RIVER AT WEST MANSFIELD, MA",51.7797,11.164,5.2,5.5,6.6,7.6,8.7,9.7,10.5,10.9,0.81%
01109000,1109000,"WADING RIVER NEAR NORTON, MA",112.7429,10.495,6.4,6.8,7.9,9.1,10.7,11.7,13.1,13.8,1.05%
01109060,1109060,"THREEMILE RIVER AT NORTH DIGHTON, MA",220.1049,12.467,7.5,8.3,9.5,10.3,11.7,13.0,14.5,15.3,1.11%
01110000,1110000,"QUINSIGAMOND RIVER AT NORTH GRAFTON, MA",66.08279,26.991,12.5,14.5,16.7,18.2,19.8,21.3,22.4,23.0,1.49%
01114000,1114000,"MOSHASSUCK RIVER AT PROVIDENCE, RI",60.42774,37.287,20.3,21.7,23.7,25.5,27.6,28.9,29.5,29.9,1.38%
01116905,1116905,"HUNT R 250 FT DS FRY BRK AT FRENCHTOWN, RI",40.7619,10.016,6.3,6.5,7.0,7.7,8.9,11.1,12.2,12.9,0.95%
01117000,1117000,"HUNT RIVER NEAR EAST GREENWICH, RI",59.6844,14.76,10.1,11.0,13.9,17.1,19.7,20.7,21.6,22.2,1.74%
01189000,1189000,"PEQUABUCK R AT FORESTVILLE, CT.",116.4466,13.12,5.6,6.9,8.8,10.7,12.2,14.0,14.7,15.0,1.35%
01195490,1195490,"QUINNIPIAC RIVER AT SOUTHINGTON, CT.",47.5542,24.159,8.0,9.7,13.2,15.8,19.1,21.2,22.1,22.4,2.06%
01196500,1196500,"QUINNIPIAC RIVER AT WALLINGFORD, CT.",285.7488,18.464,7.6,8.9,11.2,13.1,14.9,16.5,17.2,17.5,1.41%
01201487,1201487,"STILL RIVER AT ROUTE 7 AT BROOKFIELD CENTER, CT.",155.0745,15.801,8.5,9.6,11.7,14.2,16.3,17.9,18.7,19.0,1.49%
01300000,1300000,BLIND BROOK AT RYE NY,24.1038,19.892,11.2,12.3,14.9,16.6,16.9,18.2,19.4,19.5,1.19%
01300500,1300500,BEAVER SWAMP BROOK AT MAMARONECK NY,11.7243,20.953,14.1,15.9,19.6,20.8,21.3,22.5,23.3,23.4,1.34%
01301000,1301000,MAMARONECK RIVER AT MAMARONECK NY,58.20592,20.568,14.5,16.1,20.0,21.9,22.4,23.4,24.3,24.5,1.43%
01302500,1302500,GLEN COVE CREEK AT GLEN COVE NY,30.3381,20.031,9.4,11.5,15.7,17.6,18.6,19.3,19.7,19.7,1.48%
01303500,1303500,COLD SPRING BROOK AT COLD SPRING HARBOR NY,19.0377,13.348,2.5,3.3,7.8,10.5,11.8,13.0,13.6,13.8,1.62%
01304000,1304000,NISSEQUOGUE RIVER NEAR SMITHTOWN NY,57.89507,25.619,8.5,10.1,15.5,23.7,25.9,27.0,28.4,29.4,2.99%
01305000,1305000,CARMANS RIVER AT YAPHANK NY,190.2237,18.609,2.9,4.1,6.7,11.9,16.8,18.8,20.5,21.4,2.64%
01305500,1305500,SWAN RIVER AT EAST PATCHOGUE NY,21.29928,24.148,7.2,8.6,10.6,15.9,22.1,24.0,25.4,26.2,2.71%
01306000,1306000,PATCHOGUE RIVER AT PATCHOGUE NY,36.3186,28.67,10.3,12.1,15.3,19.4,25.2,27.0,28.7,30.1,2.82%
01306440,1306440,CONNETQUOT BROOK AT CENTRAL ISLIP NY,41.7267,25.447,8.0,10.1,13.7,21.7,27.7,29.4,30.6,31.6,3.37%
01306460,1306460,CONNETQUOT BK NR CENTRAL ISLIP NY,55.7127,27.035,13.2,15.2,19.5,26.6,29.2,30.3,30.7,31.2,2.57%
01306500,1306500,CONNETQUOT RIVER NEAR OAKDALE NY,72.1854,26.421,13.4,13.7,14.9,18.2,21.4,22.1,22.5,22.9,1.36%
01307000,1307000,CHAMPLIN CREEK AT ISLIP NY,13.9932,38.072,17.8,19.4,25.1,32.2,36.5,37.2,38.7,39.6,3.11%
01307500,1307500,PENATAQUIT CREEK AT BAY SHORE NY,11.0025,43.601,17.6,20.6,28.5,37.8,41.7,43.0,43.7,44.5,3.84%
01308000,1308000,SAMPAWAMS CREEK AT BABYLON NY,58.2192,30.727,10.7,12.6,19.4,26.8,28.7,29.1,29.4,30.2,2.78%
01308500,1308500,CARLLS RIVER AT BABYLON NY,94.33336,28.658,6.6,8.7,15.7,22.6,25.3,26.0,26.6,27.4,2.97%
01309000,1309000,SANTAPOGUE CREEK AT LINDENHURST NY,10.0314,39.285,17.4,20.4,28.2,30.2,31.0,31.2,31.3,31.7,2.04%
01309500,1309500,MASSAPEQUA CREEK AT MASSAPEQUA NY,94.45462,36.245,16.4,19.4,29.7,32.6,33.6,34.3,35.1,35.4,2.71%
01309950,1309950,BELLMORE CREEK NEAR BELLMORE NY,37.7784,58.345,12.0,29.0,44.0,44.6,44.8,45.0,45.2,45.2,4.75%
01310000,1310000,BELLMORE CREEK AT BELLMORE NY,39.5037,58.337,16.2,23.2,43.9,45.9,46.5,46.5,47.4,47.4,4.45%
01310500,1310500,EAST MEADOW BROOK AT FREEPORT NY,78.0714,38.426,14.9,19.4,29.0,30.9,31.5,32.4,32.7,32.7,2.54%
01311000,1311000,PINES BROOK AT MALVERNE NY,26.1522,47.624,20.9,29.2,35.0,36.7,38.0,40.0,40.6,40.6,2.81%
01311500,1311500,VALLEY STREAM AT VALLEY STREAM NY,18.0594,62.831,20.4,36.3,43.5,44.0,44.1,44.1,44.1,44.1,3.39%
01311810,1311810,CONSELYEAS POND TRIBUTARY AT ROSEDALE NY,33.5412,64.696,31.9,43.3,45.6,46.1,46.4,46.6,46.7,47.5,2.23%
01356190,1356190,LISHA KILL NORTHWEST OF NISKAYUNA NY,40.6341,14.722,6.9,9.6,12.9,14.9,16.5,17.9,19.3,19.8,1.83%
01376500,1376500,SAW MILL RIVER AT YONKERS NY,62.53778,22.273,16.8,18.6,22.6,24.4,25.4,26.1,26.7,26.9,1.44%
01377370,1377370,Pascack Brook at Park Ridge NJ,35.2422,17.449,8.6,10.1,15.3,22.5,25.9,27.4,29.0,29.7,3.01%
01391000,1391000,HOHOKUS BROOK AT HO-HO-KUS NJ,42.2928,11.788,7.1,8.6,13.4,17.2,19.1,20.9,22.1,22.1,2.14%
01391500,1391500,SADDLE RIVER AT LODI NJ,146.4624,15.388,8.8,12.6,18.6,22.0,23.3,24.1,24.7,24.9,2.29%
01393450,1393450,ELIZABETH R AT URSINO LAKE AT ELIZABETH NJ,45.5382,50.098,33.8,39.6,42.7,43.6,43.9,44.1,44.1,44.1,1.48%
01393500,1393500,ELIZABETH RIVER AT ELIZABETH NJ,49.4001,50.651,39.6,43.9,45.9,45.9,46.7,46.7,46.7,46.7,1.01%
01394500,1394500,RAHWAY RIVER NEAR SPRINGFIELD NJ,67.09879,23.929,17.6,21.2,26.2,27.9,28.5,29.1,29.7,29.7,1.74%
01395000,1395000,RAHWAY RIVER AT RAHWAY NJ,107.8884,24.818,19.0,23.6,30.6,32.4,33.1,33.8,34.1,34.1,2.16%
01396000,1396000,ROBINSONS BRANCH AT RAHWAY NJ,52.5447,20.275,6.9,10.1,17.9,22.0,23.8,27.3,28.4,28.9,3.15%
01402600,1402600,ROYCE BROOK TRIBUTARY NEAR BELLE MEAD NJ,1.5993,31.703,1.5,2.5,5.0,8.4,31.7,36.8,37.3,38.3,5.26%
01403400,1403400,GREEN BROOK AT SEELEY MILLS NJ,16.3035,10.05,4.5,5.4,7.9,9.3,10.2,10.6,11.0,11.4,0.97%
01403500,1403500,GREEN BROOK AT PLAINFIELD NJ,31.4784,19.255,19.1,24.1,32.0,34.4,35.0,35.2,35.5,35.7,2.37%
01403900,1403900,Bound Brook at Middlesex NJ,125.6335,24.771,16.3,19.7,24.9,28.6,30.0,31.3,32.5,33.6,2.46%
01405000,1405000,LAWRENCE BROOK AT FARRINGTON DAM NJ,84.2607,16.344,7.6,8.2,9.3,11.1,13.2,15.6,17.5,19.1,1.63%
01405500,1405500,SOUTH RIVER AT OLD BRIDGE NJ,245.6127,10.969,2.9,3.4,4.4,6.2,8.0,10.3,12.3,13.8,1.55%
01406050,1406050,Deep Run at Old Bridge NJ,40.5324,12.83,2.4,2.6,4.2,7.0,8.6,11.8,15.0,16.7,2.05%
01407290,1407290,Big Brook near Marlboro NJ,17.001,11.647,3.2,3.4,3.7,6.1,7.5,8.8,9.9,11.4,1.18%
01407760,1407760,JUMPING BROOK NEAR NEPTUNE CITY NJ,16.254,18.967,3.7,4.8,7.7,11.5,14.5,18.2,20.7,22.5,2.68%
01408120,1408120,NORTH BRANCH METEDECONK RIVER NEAR LAKEWOOD NJ,91.2879,10.731,2.4,2.9,4.5,7.7,9.9,12.7,14.4,15.9,1.93%
01451500,1451500,"Little Lehigh Creek near Allentown, PA",212.0562,10.054,5.0,5.5,6.3,7.1,8.4,9.5,10.6,11.3,0.89%
01451650,1451650,Little Lehigh Creek at Tenth St. Br. at Allentown,253.8567,12.787,11.9,12.8,16.8,19.2,21.6,24.1,26.0,27.1,2.17%
01465798,1465798,"Poquessing Creek at Grant Ave. at Philadelphia, PA",54.4905,32.299,15.0,17.6,24.9,31.1,32.7,33.7,34.0,34.6,2.81%
01467042,1467042,"Pennypack Creek at Pine Road, at Philadelphia, PA",98.2359,20.228,10.4,13.1,19.3,23.6,26.1,27.6,28.3,29.3,2.71%
01467048,1467048,"Pennypack Cr at Lower Rhawn St Bdg, Phila., PA",129.4524,24.493,13.4,18.1,28.8,34.8,36.0,36.6,36.8,36.8,3.34%
01467081,1467081,SOUTH BRANCH PENNSAUKEN CREEK AT CHERRY HILL NJ,23.1327,33.642,17.2,17.9,22.5,31.0,35.8,37.7,38.2,38.8,3.09%
01467086,1467086,"Tacony Creek at County Line, Philadelphia, PA",41.8185,26.071,19.1,23.4,28.7,30.8,31.8,32.3,32.5,33.4,2.03%
01467087,1467087,"Frankford Creek at Castor Ave, Philadelphia, PA",76.9707,39.143,41.2,43.9,45.0,45.2,45.4,45.4,45.4,45.4,0.60%
01467150,1467150,COOPER RIVER AT HADDONFIELD NJ,46.98304,21.673,10.5,11.6,15.5,20.3,23.4,25.6,26.5,27.0,2.36%
01473120,1473120,"Skippack Creek near Collegeville, PA",137.9475,12.133,4.1,4.6,6.0,7.2,9.5,11.6,13.7,14.6,1.50%
01473169,1473169,Valley Creek at PA Turnpike Br near Valley Forge,54.0081,15.425,10.3,11.0,12.6,14.3,15.7,17.6,18.7,19.9,1.38%
01473900,1473900,"Wissahickon Creek at Fort Washington, PA",104.6322,15.831,8.4,10.1,13.5,16.3,18.5,20.5,21.8,22.9,2.07%
01474000,1474000,"Wissahickon Creek at Mouth, Philadelphia, PA",164.988,15.528,11.7,14.7,18.7,20.4,21.0,21.7,22.1,22.6,1.55%
01475000,1475000,MANTUA CREEK AT PITMAN NJ,15.67738,19.082,1.8,2.4,4.8,6.9,12.5,19.5,24.0,25.3,3.36%
01475510,1475510,"DARBY CREEK NEAR DARBY, PA.",98.001,16.681,9.6,13.4,19.2,21.9,23.3,24.3,25.0,25.3,2.25%
01475530,1475530,"Cobbs Cr at U.S. Hghwy No. 1 at Philadelphia, PA",14.7015,25.813,23.9,29.3,32.9,33.6,34.3,34.4,34.6,34.6,1.52%
01475548,1475548,"Cobbs Creek at Mt. Moriah Cemetery, Philadelphia",50.8077,37.609,29.2,33.9,36.4,37.1,37.5,37.6,37.6,37.8,1.23%
01475550,1475550,"Cobbs Creek at Darby, PA",56.1204,38.206,32.5,36.0,37.6,38.1,38.3,38.4,38.6,38.6,0.86%
01477000,1477000,"Chester Creek near Chester, PA",156.9942,10.131,4.6,5.2,7.0,8.8,10.9,12.8,14.7,15.2,1.51%
01477800,1477800,"SHELLPOT CREEK AT WILMINGTON, DE",18.9459,20.761,5.4,8.6,18.6,23.9,26.4,27.2,27.7,29.1,3.39%
01478000,1478000,"CHRISTINA RIVER AT COOCHS BRIDGE, DE",54.01347,13.864,6.3,7.0,8.9,11.9,14.4,15.7,17.1,18.6,1.76%
01537500,1537500,"Solomon Creek at Wilkes-Barre, PA",44.4393,13.144,10.8,11.1,11.3,11.5,12.1,12.2,12.3,12.3,0.22%
01569800,1569800,"Letort Spring Run near Carlisle, PA",59.5728,16.991,9.2,9.8,10.5,11.4,12.4,13.5,14.9,15.9,0.96%
01581500,1581500,"BYNUM RUN AT BEL AIR, MD",21.6648,15.548,3.4,3.9,6.3,8.9,11.2,15.5,22.3,24.5,3.01%
01581752,1581752,"PLUMTREE RUN NEAR BEL AIR, MD",6.4908,25.743,11.7,12.7,17.7,20.2,23.7,25.8,28.4,31.0,2.76%
01583600,1583600,"BEAVERDAM RUN AT COCKEYSVILLE, MD",53.6463,14.492,10.8,11.3,12.4,14.2,16.0,18.3,20.7,21.3,1.50%
01585090,1585090,"WHITEMARSH RUN NEAR FULLERTON, MD",6.8688,30.293,9.5,12.3,22.9,25.0,31.7,35.6,37.0,37.5,3.99%
01585095,1585095,"NORTH FORK WHITEMARSH RUN NEAR WHITE MARSH, MD",3.411,26.864,2.0,5.4,11.7,16.5,25.4,32.7,36.1,37.0,5.01%
01585100,1585100,"WHITEMARSH RUN AT WHITE MARSH, MD",19.7199,27.788,11.0,12.3,13.9,15.2,21.1,28.0,31.2,31.8,2.98%
01585104,1585104,"HONEYGO RUN NEAR WHITE MARSH, MD",6.0579,13.307,1.7,2.5,4.6,5.4,7.5,9.8,11.3,12.4,1.54%
01585200,1585200,"WEST BRANCH HERRING RUN AT IDLEWYLDE, MD",6.0435,24.203,14.1,22.6,32.9,35.1,36.3,36.4,36.6,37.8,3.40%
01585230,1585230,"MOORES RUN AT RADECKE AVE AT BALTIMORE, MD",9.144,32.441,25.4,32.8,40.1,42.0,42.2,42.3,42.4,42.4,2.43%
01585300,1585300,"STEMMERS RUN AT ROSSVILLE, MD",11.583,23.447,10.5,15.6,20.2,23.2,27.7,28.8,29.4,30.6,2.86%
01585400,1585400,"BRIEN RUN AT STEMMERS RUN, MD",4.9968,35.232,24.2,32.7,35.2,37.0,38.8,41.7,42.0,42.5,2.61%
01589100,1589100,"EAST BRANCH HERBERT RUN AT ARBUTUS, MD",6.426,38.447,23.4,29.7,33.3,34.2,35.1,37.3,37.7,38.6,2.18%
01589197,1589197,"GWYNNS FALLS NEAR DELIGHT, MD",10.6209,16.892,4.4,5.1,8.8,14.3,19.2,25.0,29.7,30.5,3.73%
01589290,1589290,"SCOTTS LEVEL BRANCH AT ROCKDALE, MD",8.7084,21.789,2.9,5.6,11.8,26.5,32.5,34.2,36.9,37.4,4.94%
01589300,1589300,"GWYNNS FALLS AT VILLA NOVA, MD",84.519,19.133,6.1,7.5,11.1,14.8,17.3,19.6,24.3,25.5,2.78%
01589305,1589305,"POWDER MILL RUN NEAR LOCHEARN, MD",9.1872,35.091,23.4,31.3,38.8,41.6,42.5,42.7,43.1,43.2,2.83%
01589312,1589312,"DEAD RUN NEAR CATONSVILLE, MD",1.9764,37.459,7.2,9.9,17.5,29.4,33.4,37.9,37.9,38.1,4.41%
01589317,1589317,"TRIBUTARY TO DEAD RUN TRIBUTARY AT WOODLAWN, MD",1.2366,48.479,35.0,35.5,36.8,38.5,38.5,40.2,40.9,41.6,0.94%
01589330,1589330,"DEAD RUN AT FRANKLINTOWN, MD",14.2182,39.078,17.0,19.3,24.8,29.5,32.6,34.1,34.8,35.5,2.64%
01589352,1589352,"GWYNNS FALLS AT WASHINGTON BLVD AT BALTIMORE, MD",159.1209,26.38,24.3,29.4,33.2,34.7,35.4,35.8,35.9,36.1,1.69%
01589500,1589500,"SAWMILL CREEK AT GLEN BURNIE, MD",12.5505,21.168,12.3,13.4,15.0,16.9,18.6,19.7,20.2,21.4,1.29%
01593500,1593500,"LITTLE PATUXENT RIVER AT GUILFORD, MD",98.0064,13.583,3.4,3.6,5.1,8.5,14.8,19.2,21.1,25.8,3.19%
01594400,1594400,"DORSEY RUN NEAR JESSUP, MD",30.8412,28.723,20.2,20.6,20.9,21.3,22.0,23.9,27.6,30.3,1.45%
01594500,1594500,"WESTERN BRANCH NEAR LARGO, MD",78.8454,16.965,4.6,5.2,6.6,9.5,12.0,16.0,19.6,20.7,2.31%
01594526,1594526,"WESTERN BRANCH AT UPPER MARLBORO, MD",233.5851,15.191,5.4,5.9,7.0,9.0,11.0,13.3,16.0,17.3,1.69%
01616000,1616000,"ABRAMS CREEK NEAR WINCHESTER, VA",44.6139,23.874,9.4,10.7,12.7,14.6,16.1,18.4,20.6,22.1,1.81%
01644371,1644371,"LITTLE SENECA CREEK TRIBUTARY NEAR CLARKSBURG, MD",1.1826,20.272,0.6,0.8,1.3,2.2,4.4,5.0,5.9,8.7,1.16%
01644375,1644375,"LITTLE SENECA CREEK TRIBUTARY NEAR GERMANTOWN, MD",3.2985,36.691,5.3,5.6,7.2,8.6,9.6,14.7,28.2,32.0,3.81%
01644600,1644600,"GREAT SENECA CREEK NEAR QUINCE ORCHARD, MD",139.1562,12.347,3.4,3.7,4.3,6.3,10.8,15.8,17.4,19.3,2.27%
01645200,1645200,"WATTS BRANCH AT ROCKVILLE, MD",9.6219,34.249,18.6,19.4,21.3,26.3,28.8,29.5,32.0,34.6,2.29%
01645704,1645704,"DIFFICULT RUN ABOVE FOX LAKE NEAR FAIRFAX, VA",14.2308,21.558,11.0,11.6,13.2,15.4,17.2,22.4,26.8,30.6,2.80%
01646000,1646000,"DIFFICULT RUN NEAR GREAT FALLS, VA",149.8617,11.514,3.3,3.6,4.8,8.3,14.2,17.2,19.5,23.4,2.88%
01646305,1646305,"DEAD RUN AT WHANN AVENUE NEAR MCLEAN, VA",5.3622,18.36,7.2,9.4,18.0,23.9,28.4,31.3,32.2,36.3,4.17%
01646550,1646550,"LITTLE FALLS BRANCH NEAR BETHESDA, MD",10.5219,26.092,20.2,25.0,31.9,33.9,34.8,34.9,35.3,37.8,2.51%
01647850,1647850,"TURKEY BRANCH NEAR ROCKVILLE, MD",7.0245,26.013,2.8,5.5,18.7,30.8,36.9,38.3,38.5,40.4,5.36%
01649190,1649190,"PAINT BRANCH NEAR COLLEGE PARK, MARYLAND",33.9633,12.893,2.6,3.5,6.2,11.7,14.8,20.2,20.8,23.5,2.98%
01649500,1649500,"NORTH EAST BRANCH ANACOSTIA RIVER AT RIVERDALE, MD",188.0622,19.481,10.6,12.2,15.2,18.7,20.1,22.2,22.9,23.8,1.88%
01650800,1650800,"SLIGO CREEK NEAR TAKOMA PARK, MD",16.7013,26.264,13.8,23.3,32.4,36.1,37.2,38.1,38.4,39.9,3.72%
01651000,1651000,"NW BRANCH ANACOSTIA RIVER NEAR HYATTSVILLE, MD",127.8054,18.641,5.6,10.1,14.7,18.8,20.8,23.5,24.7,26.5,2.99%
01651800,1651800,"WATTS BRANCH AT WASHINGTON, DC",8.559,31.479,14.2,21.7,28.5,31.5,33.1,34.4,36.0,36.8,3.23%
01652500,1652500,"FOURMILE RUN AT ALEXANDRIA, VA",34.5501,34.337,14.3,27.6,35.2,39.2,40.7,41.7,42.1,43.2,4.12%
01653500,1653500,"HENSON CREEK AT OXON HILL, MD",44.7705,25.356,9.4,12.2,17.1,23.9,27.4,29.2,30.6,31.9,3.21%
01654000,1654000,"ACCOTINK CREEK NEAR ANNANDALE, VA",60.70827,22.564,8.5,10.3,16.7,24.7,29.7,32.0,33.2,37.1,4.10%
01656903,1656903,"FLATLICK BRANCH ABOVE FROG BRANCH AT CHANTILLY, VA",10.8702,23.916,1.6,2.1,2.6,4.6,8.6,22.9,27.7,31.8,4.32%
01657000,1657000,"BULL RUN NEAR MANASSAS, VA",382.3681,13.815,5.0,5.2,5.6,6.8,8.2,10.4,11.9,14.4,1.34%
01673500,1673500,"TOTOPOTOMOY CREEK NEAR ATLEE, VA",15.1074,13.033,4.9,5.1,5.7,7.0,8.9,10.7,18.6,20.3,2.19%
02038000,2038000,"FALLING CREEK NEAR CHESTERFIELD, VA",87.7464,11.497,3.0,3.3,3.7,5.2,9.3,15.0,18.4,21.5,2.64%
02086849,2086849,"ELLERBE CREEK NEAR GORMAN, NC",56.67601,20.373,14.6,18.2,21.4,23.4,25.4,26.8,27.8,29.4,2.11%
02093877,2093877,"BRUSH CREEK AT MUIRFIELD RD AT GREENSBORO, NC",13.7097,18.654,12.8,12.9,13.2,13.4,14.1,15.3,19.5,20.9,1.16%
02094659,2094659,"SOUTH BUFFALO CREEK NR POMONA, NC",19.2267,41.039,19.6,20.7,22.9,27.5,32.7,38.6,40.3,41.4,3.10%
02094770,2094770,"SOUTH BUFFALO CREEK AT US 220 AT GREENSBORO, NC",40.4181,39.567,18.1,20.6,25.0,31.0,35.1,37.7,39.4,40.7,3.24%
02094775,2094775,"RYAN CREEK BELOW US 220 AT GREENSBORO, NC",9.8253,33.882,13.8,15.1,16.7,21.0,28.7,32.5,34.8,36.1,3.20%
02095000,2095000,"SOUTH BUFFALO CR NEAR GREENSBORO, NC",88.71751,35.784,17.5,19.7,24.0,28.1,30.3,31.3,32.6,33.8,2.32%
02095181,2095181,"N BUFFALO CR AT WESTOVER TERRACE AT GREENSBORO, NC",24.8454,28.146,13.0,16.3,23.7,29.4,32.7,34.2,34.9,36.5,3.35%
02095271,2095271,"NORTH BUFFALO CREEK AT CHURCH ST AT GREENSBORO, NC",37.7325,33.005,34.2,38.8,42.9,44.1,44.6,45.1,45.7,46.7,1.79%
02095500,2095500,"NORTH BUFFALO CREEK NEAR GREENSBORO, NC",96.0678,28.342,11.5,13.7,17.5,20.8,24.3,26.3,27.7,29.5,2.56%
02097280,2097280,"THIRD FORK CR AT WOODCROFT PARKWAY NR BLANDS, NC",38.4084,18.383,8.9,11.2,15.0,19.1,22.0,25.8,28.3,31.1,3.17%
02099000,2099000,"EAST FORK DEEP RIVER NEAR HIGH POINT, NC",37.6119,29.956,26.9,27.0,27.2,27.4,27.8,28.3,29.6,30.5,0.51%
02115860,2115860,"MUDDY CREEK NEAR MUDDY CREEK, NC",472.5927,13.42,6.5,7.8,10.2,12.5,14.9,16.7,18.2,19.5,1.85%
02142654,2142654,"MCDOWELL CREEK NR HUNTERSVILLE, NC",26.244,19.778,5.1,5.6,5.9,6.3,6.8,8.4,15.4,19.6,2.07%
02142900,2142900,"LONG CREEK NEAR PAW CREEK, NC",42.6231,20.525,9.8,10.1,10.8,12.2,13.0,13.7,17.5,20.2,1.48%
02142914,2142914,"GUM BRANCH NEAR THRIFT, NC",14.2452,17.955,6.5,7.2,9.8,11.4,13.2,14.1,16.7,19.4,1.84%
02146110,2146110,"MANCHESTER CREEK AT ROCK HILL, SC",15.1866,25.325,12.5,15.1,17.9,20.4,22.7,24.2,25.8,27.3,2.11%
02146211,2146211,"IRWIN CR AT STATESVILLE AVE AT CHARLOTTE, NC",14.8815,26.097,15.5,17.0,20.1,21.8,23.7,26.2,28.6,32.1,2.38%
02146300,2146300,"IRWIN CREEK NEAR CHARLOTTE, NC",78.13889,34.336,22.4,25.6,30.8,35.1,36.4,36.9,37.8,40.2,2.54%
02146315,2146315,"TAGGART CREEK AT WEST BOULEVARD NR CHARLOTTE, NC",13.5945,35.355,25.0,26.2,29.8,33.6,36.7,38.5,39.1,41.3,2.33%
02146381,2146381,"SUGAR CREEK AT NC 51 NEAR PINEVILLE, NC",166.8204,32.472,21.9,22.2,23.1,25.1,26.7,27.4,29.6,31.9,1.42%
02146409,2146409,"LTL SUGAR CR AT MEDICAL CENTER DR AT CHARLOTTE, NC",31.4874,48.18,34.6,38.3,41.3,45.9,48.2,49.0,49.8,51.4,2.40%
02146470,2146470,"LITTLE HOPE CR AT SENECA PLACE AT CHARLOTTE, NC",7.0173,32.204,9.2,13.7,29.5,35.8,39.0,42.6,43.8,46.3,5.29%
02146500,2146500,"LITTLE SUGAR CREEK NEAR CHARLOTTE, NC (SITE 55)",106.128,32.275,11.6,18.1,24.7,27.8,30.1,31.9,33.4,37.6,3.71%
02146507,2146507,"LITTLE SUGAR C AT ARCHDALE DR AT CHARLOTTE, NC",111.1383,31.999,5.4,6.8,14.9,25.4,28.3,30.2,31.7,35.7,4.33%
02146530,2146530,"LITTLE SUGAR CREEK AT PINEVILLE, NC",127.5849,31.901,10.9,11.1,13.7,21.8,28.3,37.1,39.1,41.8,4.41%
02146562,2146562,"CAMPBELL CREEK NR CHARLOTTE, NC",15.2829,27.92,2.8,3.6,7.8,14.3,24.0,32.7,34.6,37.6,4.97%
02146600,2146600,"MCALPINE CR AT SARDIS ROAD NEAR CHARLOTTE, NC",100.2357,19.63,6.3,6.6,8.0,10.6,15.8,21.4,25.0,28.3,3.14%
02146700,2146700,"MCMULLEN CR AT SHARON VIEW RD NEAR CHARLOTTE, NC",18.3393,20.674,2.9,4.5,10.5,17.5,23.7,26.6,28.7,32.7,4.26%
02146750,2146750,"MCALPINE CR BELOW MCMULLEN CR NR PINEVILLE, NC",238.3524,19.414,2.5,2.7,3.7,5.9,10.2,16.8,24.4,28.8,3.75%
02146800,2146800,SUGAR CREEK NEAR FORT MILL S C,680.2542,24.085,4.7,4.9,5.3,5.8,6.7,8.5,11.0,12.9,1.16%
02160326,2160326,"ENOREE RIVER AT PELHAM, SC",218.9853,10.687,4.4,4.9,6.4,8.3,11.1,13.1,15.5,17.1,1.81%
02162093,2162093,"SMITH BRANCH AT NORTH MAIN ST AT COLUMBIA, SC",14.3703,42.242,25.2,28.1,33.8,38.7,40.4,41.1,42.4,43.8,2.66%
02164000,2164000,"REEDY RIVER NEAR GREENVILLE, S. C.",125.0712,18.846,10.1,12.6,16.5,19.5,21.9,23.6,24.9,26.4,2.32%
02164110,2164110,"REEDY RIVER ABOVE FORK SHOALS, SC",283.401,17.924,9.2,10.3,11.9,13.5,15.3,16.9,19.6,21.3,1.73%
02197020,2197020,"SPIRIT CREEK AT US 1, NEAR AUGUSTA, GA",45.4734,10.991,8.8,8.8,8.9,9.0,9.2,9.4,9.7,9.8,0.15%
02197338,2197338,"SITE NO. 5 AT SAVANNAH RIVER SITE, SC",0.7695,36.175,32.2,32.2,32.2,32.2,32.2,32.2,32.2,32.2,0.00%
02197339,2197339,"SITE NO. 5B AT SAVANNAH RIVER SITE, SC",1.2213,25.754,5.9,5.9,5.9,5.9,5.9,5.9,5.9,5.9,0.00%
02203603,2203603,"SOUTH RIVER AT SPRINGDALE ROAD, AT ATLANTA, GA",6.0246,42.153,29.4,34.2,40.9,45.8,47.1,47.2,47.2,47.9,2.64%
02203655,2203655,"SOUTH RIVER AT FORREST PARK ROAD, AT ATLANTA, GA",59.5908,31.152,19.1,22.1,27.3,31.9,34.5,35.2,35.6,37.0,2.56%
02203700,2203700,"INTRENCHMENT CREEK NEAR ATLANTA, GA",27.5913,34.886,25.5,29.3,32.4,35.5,36.9,37.4,38.0,39.3,1.97%
02204070,2204070,"SOUTH RIVER AT KLONDIKE ROAD, NEAR LITHONIA, GA",477.3717,20.283,6.5,7.8,10.2,14.2,18.5,21.8,24.4,26.6,2.87%
02205000,2205000,"WILDCAT CREEK NEAR LAWRENCEVILLE, GA",3.33,22.324,0.0,0.3,0.4,0.4,5.3,9.0,23.9,33.7,4.81%
02205522,2205522,"PEW CREEK AT PATTERSON RD, NEAR LAWRENCEVILLE, GA",19.3401,28.481,9.9,10.2,11.7,13.6,18.5,26.1,28.7,34.4,3.50%
02206500,2206500,"YELLOW RIVER NEAR SNELLVILLE, GA",351.193,24.933,8.1,8.3,8.8,10.6,14.8,21.1,26.9,32.5,3.49%
02207120,2207120,"YELLOW RIVER AT GA 124, NEAR LITHONIA, GA",418.3704,23.33,2.2,2.3,2.7,4.7,10.5,17.2,20.4,27.3,3.58%
02207385,2207385,"BIG HAYNES CREEK AT LENORA ROAD, NR SNELLVILLE, GA",44.6526,15.883,1.6,1.6,1.8,2.7,5.8,9.2,14.0,20.3,2.68%
02208050,2208050,"ALCOVY RIVER NEAR LAWRENCEVILLE, GA",25.7706,22.442,12.1,12.2,12.4,13.3,13.9,15.0,18.7,22.6,1.49%
02208130,2208130,"SHOAL CREEK AT PAPER MILL RD, NR LAWRENCEVILLE, GA",13.9023,28.112,10.3,10.7,12.0,13.2,16.7,20.9,24.9,30.0,2.81%
02208150,2208150,"ALCOVY RIVER AT NEW HOPE ROAD, NEAR GRAYSON, GA",79.46941,18.078,1.9,2.1,2.3,2.5,3.1,4.3,6.8,11.7,1.39%
02211375,2211375,"CABIN CREEK AT NORTH SECOND STREET, NR GRIFFIN, GA",11.3499,13.784,7.9,9.7,12.9,16.3,18.1,18.7,19.2,19.6,1.68%
02217274,2217274,"WHEELER CREEK AT BILL CHEEK ROAD, NEAR AUBURN, GA",4.3182,13.129,0.2,0.3,0.3,0.3,0.5,1.9,6.8,9.3,1.29%
02218565,2218565,"APALACHEE RIVER AT FENCE ROAD, NEAR DACULA, GA",14.832,16.343,0.8,1.0,1.1,1.4,2.1,4.9,10.7,15.0,2.03%
02233200,2233200,"LITTLE ECONLOCKHATCHEE R NR UNION PARK, FLA.",68.69255,19.084,2.4,2.5,4.7,7.7,13.1,18.5,21.3,24.1,3.11%
02233460,2233460,"LITTLE ECON RIV TRIB AT BANNER DAM AT UNION PK, FL",35.6166,25.776,2.4,2.5,4.7,7.7,13.1,18.5,21.3,24.1,3.11%
02233475,2233475,"LT ECONLOCKHATCHEE R AT STATE HWY434 NR OVIEDO, FL",176.5359,19.249,4.3,4.7,6.6,8.5,11.9,17.7,22.9,26.6,3.19%
02234308,2234308,"HOWELL CREEK NEAR ALTAMONTE SPRINGS, FL",59.1129,20.49,11.9,14.7,21.6,25.7,28.2,29.2,30.0,32.9,2.99%
02234324,2234324,"HOWELL CREEK NR SLAVIA, FLA.",85.1463,21.669,4.4,5.0,8.9,16.2,23.0,28.8,30.6,34.5,4.30%
02234344,2234344,"HOWELL CREEK AT STATE HWY 434 NEAR OVIEDO, FL",147.3957,20.424,4.6,4.8,5.9,7.2,11.6,18.5,22.3,27.2,3.22%
02234384,2234384,"SOLDIER CREEK NR LONGWOOD, FLA.",46.3122,19.736,7.4,7.7,8.8,10.5,16.4,23.6,26.0,30.2,3.26%
02234400,2234400,"GEE CREEK NR LONGWOOD, FLA.",42.6906,20.11,5.6,6.1,8.0,11.0,17.7,23.9,26.2,31.1,3.64%
02234990,2234990,"LITTLE WEKIVA RIVER NR ALTAMONTE SPRINGS, FL",110.3107,26.721,11.1,12.2,16.5,20.6,26.9,31.2,32.9,36.3,3.60%
02235000,2235000,"WEKIVA RIVER NR SANFORD, FLA.",449.0403,13.927,2.2,2.4,3.2,4.2,6.7,10.3,12.2,15.1,1.85%
02240954,2240954,"HOGTOWN CREEK NEAR ARREDONDO, FLA",94.73234,11.491,3.0,3.8,5.6,8.9,14.7,18.7,21.5,22.7,2.81%
02246459,2246459,"CEDAR RIVER AT SAN JUAN AVENUE AT JACKSONVILLE, FL",55.9404,22.402,11.7,13.2,16.5,19.9,23.1,25.1,26.5,28.3,2.37%
02246828,2246828,"PABLO CREEK AT JACKSONVILLE, FLA.",63.6264,19.067,8.5,9.3,10.6,11.6,12.6,13.7,15.5,17.1,1.22%
02262900,2262900,"BOGGY CREEK NR TAFT, FLA.",216.8874,21.648,13.2,14.3,16.9,18.7,20.2,21.7,23.1,25.2,1.72%
02263800,2263800,"SHINGLE CREEK AT AIRPORT NR KISSIMMEE, FLA.",274.7514,24.624,11.6,12.0,13.1,14.9,17.2,21.1,25.3,28.2,2.37%
02264000,2264000,"CYPRESS CREEK AT VINELAND, FL",74.4606,10.104,1.2,1.4,1.7,2.0,3.3,6.3,9.1,11.5,1.48%
02264100,2264100,"BONNET CREEK NR VINELAND, FLA.",112.9824,12.101,11.5,11.5,11.6,11.6,11.7,12.2,13.0,14.7,0.46%
02293055,2293055,"ORANGE RIVER NEAR BUCKINGHAM, FL",190.5714,11.98,1.2,1.3,1.6,2.2,3.3,4.5,6.5,9.7,1.21%
02293190,2293190,BILLYS CR AT FT MYERS FL,12.8394,26.27,9.2,10.1,13.2,19.1,25.2,29.0,29.6,31.5,3.18%
02299861,2299861,WALKER CREEK NEAR SARASOTA FL,13.9329,36.033,11.6,12.3,15.4,20.9,27.2,31.4,33.1,36.1,3.49%
02300042,2300042,WARD LAKE NEAR BRADENTON FL,167.1885,11.696,3.9,4.0,4.1,4.3,5.1,7.0,9.8,12.2,1.18%
02301738,2301738,ARCHIE CREEK AT 78TH STREET NEAR TAMPA FL,7.5861,16.839,10.2,10.3,10.5,12.5,13.0,14.2,16.6,20.7,1.50%
02301750,2301750,DELANEY CREEK NEAR TAMPA FL,35.84275,27.315,14.9,15.1,16.8,20.8,24.6,27.9,31.3,34.2,2.76%
02303205,2303205,BAKER CREEK AT MCINTOSH ROAD NEAR ANTIOCH FL,57.132,13.678,6.9,7.7,9.2,10.7,12.8,15.6,17.5,20.4,1.93%
02303300,2303300,FLINT CREEK NEAR THONOTOSASSA FL,149.6115,11.452,2.0,2.3,3.1,4.3,7.6,10.5,12.9,15.8,1.97%
02303350,2303350,TROUT CREEK NEAR SULPHUR SPRINGS FL,41.9904,12.145,3.8,3.8,3.9,4.0,4.7,5.9,11.3,13.9,1.44%
02306500,2306500,SWEETWATER CREEK NEAR SULPHUR SPRINGS FL,13.5585,27.06,9.9,10.3,12.5,16.7,26.0,31.8,33.3,36.0,3.72%
02306647,2306647,SWEETWATER CREEK NEAR TAMPA FL,41.8347,31.615,17.4,17.8,20.0,23.7,30.1,36.7,38.4,40.3,3.27%
02306950,2306950,BRUSHY CREEK NEAR CITRUS PARK FL,41.832,20.263,2.2,2.3,2.8,4.0,9.5,20.0,23.2,26.1,3.42%
02307000,2307000,ROCKY CREEK NEAR SULPHUR SPRINGS FL,112.179,16.692,3.2,3.4,4.1,5.4,8.0,12.8,16.3,19.4,2.32%
02307668,2307668,ALLIGATOR CREEK BELOW BELCHER RD AT CLEARWATER FL,7.7247,45.449,23.8,25.0,28.5,32.3,40.8,43.9,44.5,48.3,3.50%
02307671,2307671,ALLIGATOR CR BELOW US HWY 19 AT CLEARWATER FL,12.1041,43.639,13.3,15.1,21.5,30.8,35.5,39.1,39.7,41.9,4.09%
02307697,2307697,ALLIGATOR CREEK AT SAFETY HARBOR FL,21.1212,36.299,6.1,7.1,10.9,15.6,26.2,29.7,31.5,34.9,4.11%
02308935,2308935,SAINT JOE CREEK AT PINELLAS PARK FL,6.7464,44.247,21.2,25.1,41.0,44.4,46.5,47.9,48.0,49.8,4.09%
02309415,2309415,CURLEW CREEK AT EVANS ROAD NEAR DUNEDIN FL,1.1286,66.78,22.0,22.2,23.8,26.0,39.5,45.0,45.0,54.5,4.64%
02309421,2309421,CURLEW CREEK AT BELCHER ROAD NEAR OZONA FL,8.0235,47.466,13.7,14.4,16.6,20.9,35.1,43.4,44.2,46.5,4.68%
02309848,2309848,"SOUTH BRANCH ANCLOTE RIVER NEAR ODESSA, FL.",43.62462,10.374,5.4,5.5,5.6,5.8,7.1,8.0,10.5,12.9,1.07%
02310525,2310525,WEEKI WACHEE RIVER NEAR BROOKSVILLE FL,84.5568,23.765,3.1,3.1,3.3,3.6,7.2,15.9,20.0,24.8,3.10%
02334480,2334480,"RICHLAND CREEK AT SUWANEE DAM ROAD, NEAR BUFORD,GA",24.3738,12.644,2.4,2.6,3.3,4.2,5.0,7.1,10.9,16.2,1.98%
02334578,2334578,"LEVEL CREEK AT SUWANEE DAM ROAD, NEAR SUWANEE, GA",13.1184,14.975,0.8,1.0,1.9,2.9,4.0,7.5,15.9,22.3,3.06%
02334620,2334620,"DICK CREEK AT OLD ATLANTA RD, NEAR SUWANEE, GA",17.7822,14.923,2.9,3.0,3.1,3.2,3.5,3.9,12.0,13.5,1.52%
02334885,2334885,"SUWANEE CREEK AT SUWANEE, GA",122.0977,17.792,6.7,6.9,7.3,7.7,8.8,10.8,14.6,19.1,1.76%
02335350,2335350,"CROOKED CREEK NEAR NORCROSS, GA",22.9599,37.09,19.7,20.0,21.0,23.7,29.9,34.9,36.8,41.0,3.05%
02335700,2335700,"BIG CREEK NEAR ALPHARETTA, GA",190.593,14.496,4.4,4.5,4.8,5.2,6.1,8.5,13.9,16.5,1.72%
02335757,2335757,"BIG CREEK BELOW HOG WALLOW CREEK AT ROSWELL, GA",267.4602,17.618,9.1,9.3,10.1,11.4,15.0,21.3,28.2,29.2,2.87%
02335870,2335870,"SOPE CREEK NEAR MARIETTA, GA",79.53696,20.257,9.3,10.1,12.4,16.4,22.1,27.6,29.8,35.8,3.79%
02335910,2335910,"ROTTENWOOD CR AT INTERSTATE N PKWY, NR SMYRNA, GA",48.0966,38.436,23.6,25.0,27.9,31.2,37.4,41.5,42.5,45.2,3.09%
02336030,2336030,"N.F. PEACHTREE CREEK AT GRAVES RD, NR DORAVILLE,GA",3.7026,55.486,46.1,46.1,46.6,52.4,60.2,63.1,63.4,64.7,2.65%
02336120,2336120,"N.F. PEACHTREE CREEK, BUFORD HWY, NEAR ATLANTA, GA",91.2645,30.715,13.9,15.7,21.6,29.5,33.7,37.0,38.6,40.7,3.82%
02336240,2336240,"S.F. PEACHTREE CREEK JOHNSON RD, NEAR ATLANTA, GA",71.5932,24.921,15.1,18.2,23.9,28.9,32.0,34.7,36.2,38.2,3.30%
02336300,2336300,"PEACHTREE CREEK AT ATLANTA, GA",221.6925,31.035,30.0,34.1,37.9,39.8,41.3,43.3,44.6,45.8,2.26%
02336360,2336360,"NANCY CREEK AT RICKENBACKER DRIVE, AT ATLANTA, GA",68.0589,27.785,13.6,14.9,18.6,24.5,29.0,32.2,35.3,37.3,3.38%
02336410,2336410,"NANCY CREEK AT WEST WESLEY ROAD, AT ATLANTA, GA",96.4998,23.998,4.6,7.3,11.9,15.5,17.1,18.4,20.6,21.9,2.48%
02336526,2336526,"PROCTOR CREEK AT JACKSON PARKWAY, AT ATLANTA, GA",35.1324,34.208,21.9,27.2,33.2,37.1,38.2,38.5,38.9,40.0,2.60%
02336635,2336635,"NICKAJACK CREEK AT US 78/278, NEAR MABLETON, GA",80.68707,19.91,3.4,4.7,8.5,13.6,17.7,21.5,24.6,30.7,3.90%
02336728,2336728,"UTOY CREEK AT GREAT SOUTHWEST PKWY NR ATLANTA, GA",90.05563,18.057,8.3,11.0,16.4,21.2,23.4,24.4,25.9,27.2,2.70%
02336968,2336968,"NOSES CREEK AT POWDER SPRINGS RD,POWDER SPRINGS,GA",114.4607,11.021,1.8,2.0,2.7,3.9,7.1,11.2,15.0,19.9,2.59%
02344350,2344350,"FLINT RIVER NEAR LOVEJOY, GA",330.1573,23.12,11.6,12.0,13.1,16.0,20.1,23.2,25.2,28.3,2.39%
02344478,2344478,"SHOAL CREEK AT SHOAL CREEK ROAD, NEAR GRIFFIN, GA",33.2325,11.022,4.9,5.7,6.8,7.8,8.7,9.6,10.8,11.3,0.91%
02346310,2346310,"POTATO CREEK AT COUNTY LINE RD, NR ORCHARD HILL,GA",25.0101,14.801,7.6,8.8,10.5,12.5,14.3,15.4,16.7,17.4,1.39%
02378170,2378170,"WOLF CREEK BELOW FOLEY, ALA",13.7232,11.843,6.3,6.6,7.3,7.9,9.1,10.7,13.4,14.9,1.22%
02392950,2392950,"NOONDAY CREEK AT HAWKINS STORE RD, NR WOODSTOCK,GA",65.4948,26.642,15.3,15.5,16.2,17.9,19.7,23.3,26.1,30.5,2.17%
02392975,2392975,"NOONDAY CREEK AT SHALLOWFORD ROAD, NR WOODSTOCK,GA",89.5302,24.157,2.3,2.6,4.2,8.1,13.6,19.0,23.1,29.8,3.94%
02423397,2423397,"LITTLE CAHABA RIVER BELOW LEEDS, AL.",43.94812,11.199,5.0,5.4,6.4,7.6,9.9,11.6,13.7,14.7,1.39%
02423630,2423630,SHADES CREEK NEAR GREENWOOD AL,185.9544,13.497,7.8,9.1,11.2,12.9,14.1,14.8,15.8,16.1,1.18%
02457000,2457000,FIVEMILE CREEK AT KETONA AL,57.19842,14.305,4.6,5.8,9.5,13.9,19.5,22.1,24.0,24.3,2.81%
02457595,2457595,"FIVEMILE CREEK NEAR REPUBLIC, AL",133.1694,14.549,7.8,9.2,10.8,12.4,13.8,14.8,15.6,15.8,1.13%
02458300,2458300,"VILLAGE CREEK AT 24TH ST. AT BIRMINGHAM, AL",66.8169,34.298,24.7,28.6,34.3,36.9,38.2,38.6,38.8,39.0,2.05%
02458450,2458450,"VILLAGE CREEK AT AVENUE W AT ENSLEY, AL",85.9473,36.532,34.9,37.9,42.8,44.3,45.3,45.8,46.0,46.0,1.60%
02458600,2458600,"VILLAGE CREEK NEAR DOCENA, ALABAMA",135.1854,29.959,9.2,11.3,13.6,15.8,18.5,19.6,20.0,20.2,1.57%
02461500,2461500,"VALLEY CREEK NEAR BESSEMER, AL",138.8301,33.423,21.3,25.0,30.2,33.6,35.2,35.9,36.3,36.5,2.17%
02462000,2462000,VALLEY CREEK NEAR OAK GROVE AL,384.1299,15.276,2.1,2.7,3.4,4.1,5.2,5.7,6.3,6.4,0.61%
02465292,2465292,"CRIBBS MILL CREEK AT WW PLANT AT TUSCALOOSA, AL.",26.37,25.89,9.7,13.5,18.0,21.9,26.1,27.9,29.2,30.0,2.90%
02485700,2485700,"HANGING MOSS CREEK NR JACKSON, MS",44.8749,13.147,5.8,6.1,7.4,9.4,12.4,13.4,14.2,14.6,1.25%
03049658,3049658,"Plum Creek at Milltown, PA",44.8245,14.585,4.4,5.3,7.7,10.5,12.7,13.7,14.9,14.9,1.50%
03049676,3049676,"Squaw Run at Old Freeport Road near Blawnox, PA",22.0626,10.065,4.5,5.2,8.1,9.9,10.9,11.8,12.2,12.2,1.09%
03049807,3049807,"Pine Creek at Grant Avenue at Etna, PA",153.7164,11.868,4.0,5.1,7.9,9.6,11.1,12.5,14.0,14.0,1.43%
03084000,3084000,"Abers Creek near Murrysville, PA",11.2995,24.693,4.0,4.7,7.7,17.1,22.1,23.5,25.8,25.9,3.12%
03084698,3084698,"Turtle Creek at Wilmerding, PA",314.2512,13.091,6.3,7.3,9.2,10.7,12.5,13.2,14.2,14.5,1.16%
03084800,3084800,"Thompson Run at Turtle Creek, PA",40.0662,28.925,9.7,13.8,22.0,26.1,28.7,29.3,29.8,29.8,2.86%
03085049,3085049,"Nine Mile Run near Swissvale, PA",15.8355,40.476,31.6,35.2,37.6,38.6,39.0,39.2,39.2,39.2,1.09%
03085213,3085213,"Sawmill Run at Duquesne Heights nr Pittsburgh, PA",46.5246,33.481,22.0,28.5,35.4,37.2,37.9,38.3,38.5,38.5,2.36%
03085956,3085956,"Montour Run at Scott Station near Imperial, PA",67.0617,21.024,14.8,15.5,16.2,17.0,18.5,19.6,20.4,20.4,0.80%
03098500,3098500,Mill Creek at Youngstown OH,174.0546,12.122,4.2,5.5,7.4,8.8,10.6,11.3,12.6,12.6,1.21%
03098700,3098700,Crab Creek at Youngstown OH,32.634,10.789,4.2,5.5,8.2,10.0,11.4,12.0,12.5,12.5,1.19%
03115973,3115973,Schocalog Run at Copley Junction OH,9.0279,31.298,10.3,11.7,14.2,16.4,20.7,22.5,26.4,26.8,2.36%
03118500,3118500,Nimishillen Creek at North Industry OH,453.5037,16.325,9.0,10.2,12.2,13.7,15.3,16.0,16.8,17.0,1.14%
03130500,3130500,Touby Run at Mansfield OH,12.078,22.444,13.6,15.4,18.9,21.7,23.2,23.5,24.4,24.7,1.58%
03238140,3238140,"TAYLOR CREEK AT DONNERMEYER DRIVE AT BELLEVUE, KY",10.6011,26.125,17.3,20.9,26.2,30.2,31.9,33.3,34.1,34.1,2.40%
03255500,3255500,Mill Creek at Reading OH,201.8808,28.801,17.5,18.5,20.7,22.8,25.3,28.1,30.6,31.6,2.02%
03260015,3260015,"PLEASANT RUN CREEK AT OAK STREET NEAR LUDLOW, KY",16.3458,18.541,7.4,9.6,11.8,15.4,18.7,21.6,24.4,25.5,2.58%
03260050,3260050,"DRY CREEK AT SEWAGE PLANT NEAR ERLANGER, KY",30.5964,27.63,16.3,18.1,21.2,24.5,28.5,30.4,31.6,32.8,2.36%
03260100,3260100,"ELIJAHS CREEK @ ELIJAHS CREEK RD NR HEBRON, KY",9.7173,30.898,26.8,27.1,27.6,27.9,28.6,29.3,30.5,31.2,0.63%
03271000,3271000,Wolf Creek at Dayton OH,180.054,10.335,3.0,4.1,6.4,8.4,10.0,10.7,11.2,11.2,1.17%
03271300,3271300,Holes Creek near Kettering OH,51.9282,26.508,6.4,7.0,10.0,14.2,19.2,22.3,25.3,25.3,2.71%
03277075,3277075,"GUNPOWDER CR AT CAMP ERNST RD NR UNION, KY",95.5251,18.911,10.1,10.5,11.4,12.5,14.3,16.7,21.2,23.8,1.96%
03284520,3284520,"EAST HICKMAN CR AT ANDOVER VILLAGE NR CADENTOWN,KY",4.0563,17.411,2.2,2.2,2.3,2.6,3.4,4.5,17.2,21.2,2.72%
03287580,3287580,"N ELKHORN CR AT MAN O WAR BLVD NR CADENTOWN, KY",5.5854,11.668,1.1,1.6,1.8,2.1,2.3,3.2,3.4,6.1,0.71%
03287600,3287600,"N ELKHORN CR AT BRYAN STATION RD AT MONTROSE, KY",55.5714,14.864,6.2,7.0,7.9,10.4,11.3,11.9,13.9,15.8,1.39%
03288200,3288200,"CANE RUN AT BEREA ROAD NEAR DONERAIL, KY",52.0326,17.962,9.3,10.5,12.6,15.9,17.2,17.5,17.9,20.2,1.56%
03288500,3288500,"CAVE CREEK NEAR FORT SPRING, KY",6.0012,23.162,5.6,5.8,6.5,7.0,9.3,13.8,20.4,22.7,2.46%
03289000,3289000,"SOUTH ELKHORN CREEK AT FORT SPRING, KY",61.767,14.45,3.8,4.1,5.2,6.7,9.2,11.4,15.4,17.7,1.98%
03289193,3289193,"WOLF RUN AT OLD FRANKFORT PIKE AT LEXINGTON, KY",25.5114,30.517,11.9,15.6,25.5,33.8,35.9,36.6,37.4,39.4,3.93%
03289200,3289200,"TOWN BRANCH AT YARNALLTON ROAD AT YARNALLTON, KY",78.5313,27.571,19.0,20.8,22.1,23.1,23.6,23.8,24.9,26.0,1.00%
03289300,3289300,"SOUTH ELKHORN CREEK NEAR MIDWAY, KY",267.534,12.104,1.0,1.1,1.1,1.3,1.7,1.9,2.2,2.9,0.26%
03292474,3292474,"GOOSE CREEK AT OLD WESTPORT RD NR ST MATTHEWS, KY",17.1648,11.719,3.7,4.9,8.4,12.4,15.6,17.5,20.9,21.4,2.52%
03292475,3292475,"GOOSE CREEK AT US HWY 42 NEAR GLENVIEW ACRES, KY",27.4752,12.049,3.0,3.6,6.7,11.8,17.2,20.2,23.6,24.2,3.03%
03292480,3292480,"LITTLE GOOSE CREEK NEAR HARRODS CREEK, KY",14.9391,21.048,7.9,8.3,9.4,13.2,18.1,20.0,27.5,28.1,2.87%
03292500,3292500,"SOUTH FORK BEARGRASS CREEK AT LOUISVILLE, KY",45.3042,34.203,11.3,14.2,23.5,29.3,33.3,35.3,37.8,38.4,3.87%
03292550,3292550,"S FK BEARGRASS CR AT WINTER AVE AT LOUISVILLE, KY",58.9806,32.412,21.4,27.5,30.9,32.0,32.5,33.1,33.6,34.3,1.84%
03293000,3293000,"M FK BEARGRASS CR AT OLD CANNONS LN AT LOUISVILLE,",48.7755,25.32,9.8,12.5,17.2,21.2,27.3,31.3,33.4,34.0,3.46%
03293500,3293500,"M FK BEARGRASS CR AT LEXINGTON RD AT LOUISVILLE,KY",65.5623,23.552,20.2,23.0,25.4,26.1,26.9,27.2,27.4,28.2,1.14%
03293510,3293510,"BEARGRASS CREEK AT RIVER ROAD AT LOUISVILLE, KY",156.0996,27.811,21.2,24.4,28.4,30.8,32.4,33.2,33.8,34.3,1.87%
03294550,3294550,"MILL CREEK CUTOFF NEAR LOUISVILLE, KY",78.4512,38.681,20.9,26.6,33.2,37.5,39.5,40.3,40.7,41.1,2.89%
03294570,3294570,"MILL CREEK AT ORELL ROAD NEAR LOUISVILLE, KY",36.855,23.264,7.8,9.1,16.0,21.8,24.0,24.9,27.3,27.7,2.85%
03298135,3298135,"CHENOWETH RUN AT RUCKRIEGAL PARKWAY, KY",14.1408,36.009,27.8,29.1,31.5,36.1,39.7,40.5,41.6,42.1,2.04%
03298150,3298150,"CHENOWETH RUN AT GELHAUS LANE NEAR FERN CREEK, KY",29.9961,23.285,3.2,3.8,4.8,6.1,7.8,10.4,15.8,16.2,1.85%
03298250,3298250,"CEDAR CREEK AT THIXTON ROAD NEAR LOUISVILLE, KY",29.2293,12.067,1.7,2.2,3.9,7.0,10.5,11.5,14.4,14.7,1.84%
03301900,3301900,"FERN CREEK AT OLD BARDSTOWN RD AT LOUISVILLE, KY",8.8767,18.698,1.2,2.9,8.3,12.3,22.1,25.7,30.8,31.6,4.34%
03302000,3302000,"POND CREEK NEAR LOUISVILLE, KY",166.7052,26.656,15.4,16.7,20.4,25.7,28.3,29.2,30.2,30.6,2.17%
03302030,3302030,"POND CREEK AT PENDLETON ROAD NEAR LOUISVILLE, KY",214.4898,22.693,2.3,3.0,5.7,8.7,10.9,11.8,13.3,13.6,1.62%
03337000,3337000,"BONEYARD CREEK AT URBANA, IL",10.9719,51.131,36.2,40.5,45.1,47.7,49.1,49.7,50.2,50.7,2.07%
03337100,3337100,"BONEYARD CREEK AT LINCOLN AVE AT URBANA, IL",12.1752,52.45,58.3,60.9,62.2,64.1,65.7,65.7,65.7,65.7,1.05%
03351072,3351072,"WILLIAMS CREEK AT 96TH STREET, INDIANAPOLIS, IN",42.0759,15.366,1.9,2.0,2.5,3.2,4.1,5.5,9.7,12.9,1.56%
03351310,3351310,"CROOKED CREEK AT INDIANAPOLIS, IND",46.1358,25.882,8.2,9.0,12.9,18.0,22.4,26.0,28.7,30.4,3.17%
03353120,3353120,"PLEASANT RN AT ARLINGTON AVE AT INDPLS, IND.",21.2616,43.311,25.9,29.2,36.0,42.4,44.2,44.8,45.3,46.2,2.90%
03353160,3353160,"PLEASANT RN AT BROOKVILLE RD AT INDPLS, IND.",29.0079,42.973,30.6,36.3,40.8,42.5,43.0,43.2,43.3,43.9,1.90%
03353180,3353180,"BEAN CREEK AT INDIANAPOLIS, IND",8.7003,31.018,16.1,20.5,27.5,31.8,32.7,32.8,33.2,34.6,2.65%
03353600,3353600,"LITTLE EAGLE CREEK AT SPEEDWAY, IND.",63.5409,36.099,16.2,17.5,21.3,24.5,28.1,32.3,37.0,38.0,3.11%
03353620,3353620,"LICK CREEK AT INDIANAPOLIS, IND.",38.8503,30.272,16.1,17.2,20.3,23.6,25.8,26.8,28.3,29.6,1.94%
03353637,3353637,"LITTLE BUCK CREEK NEAR INDIANAPOLIS, IN",44.55445,24.572,5.5,7.3,10.3,13.3,16.7,19.1,23.7,25.2,2.81%
03431060,3431060,"MILL CREEK AT THOMPSON LANE, NEAR WOODBINE, TN",241.9857,11.61,3.4,3.7,5.3,7.5,9.8,12.8,15.0,16.2,1.83%
03431300,3431300,"BROWNS CREEK AT STATE FAIRGROUNDS AT NASHVILLE, TN",30.9645,25.07,20.9,24.2,28.9,30.9,31.7,32.6,33.4,34.3,1.91%
03431700,3431700,"RICHLAND CREEK AT CHARLOTTE AVE, AT NASHVILLE, TN",63.9675,12.26,6.4,9.1,13.0,16.1,17.9,19.3,20.8,21.9,2.22%
03491544,3491544,"CROCKETT CREEK BELOW ROGERSVILLE, TN",12.3894,14.263,7.9,8.9,10.9,12.9,14.2,16.3,17.9,18.4,1.51%
03535400,3535400,"BEAVER CREEK AT SOLWAY, TN",224.6382,13.587,3.0,3.6,4.5,6.0,8.4,10.4,13.4,14.6,1.66%
03538250,3538250,"EAST FORK POPLAR CREEK NEAR OAK RIDGE, TN",50.3334,15.987,9.2,13.0,14.5,16.1,17.7,18.1,18.7,19.2,1.43%
04087030,4087030,"MENOMONEE RIVER AT MENOMONEE FALLS, WI",87.85307,12.251,4.2,4.6,5.9,7.4,9.1,10.0,11.8,13.2,1.29%
04087070,4087070,"LITTLE MENOMONEE RIVER AT MILWAUKEE, WI",51.70078,18.222,8.8,9.3,11.7,14.0,16.4,17.9,18.8,19.3,1.51%
04087088,4087088,"UNDERWOOD CREEK AT WAUWATOSA, WI",46.6749,28.579,13.3,15.8,21.9,25.3,27.2,28.1,28.9,30.8,2.50%
04087119,4087119,"HONEY CREEK AT WAUWATOSA, WI",27.5904,46.303,18.9,24.5,35.6,39.6,42.0,43.6,44.0,44.0,3.58%
04087120,4087120,"MENOMONEE RIVER AT WAUWATOSA, WI",320.58,24.713,15.8,17.6,22.9,25.4,26.7,27.4,29.1,30.1,2.04%
04087142,4087142,"MENOMONEE RIVER AT 16TH STREET AT MILWAUKEE, WI",359.6085,28.075,46.6,49.0,50.2,50.6,50.8,50.8,50.9,50.9,0.63%
04087159,4087159,"KINNICKINNIC RIVER @ S. 11TH STREET @ MILWAUKEE,WI",47.9169,49.703,29.6,34.2,40.6,43.4,44.7,45.2,46.2,46.2,2.36%
04087170,4087170,"MILWAUKEE RIVER AT MOUTH AT MILWAUKEE, WI",2260.249,11.261,3.9,4.3,5.0,5.5,6.1,6.4,6.9,7.4,0.50%
04087204,4087204,"OAK CREEK AT SOUTH MILWAUKEE, WI",66.79314,27.206,13.9,14.6,16.9,19.4,22.0,23.3,26.3,26.3,1.78%
04087214,4087214,"ROOT RIVER AT GRANGE AVENUE AT GREENFIELD, WI",39.4488,32.234,8.0,10.2,15.3,19.8,24.0,27.3,30.9,31.8,3.39%
04087220,4087220,"ROOT RIVER NEAR FRANKLIN, WI",128.0809,24.703,5.9,6.6,10.0,12.8,15.6,17.6,20.2,20.8,2.13%
04087240,4087240,"ROOT RIVER AT RACINE, WI",491.4198,10.174,2.6,2.7,3.2,3.8,4.3,4.4,5.1,5.4,0.40%
04087257,4087257,"PIKE RIVER NEAR RACINE, WI",98.0937,15.393,7.3,7.6,8.3,9.1,10.2,10.8,12.4,13.0,0.81%
04093000,4093000,"DEEP RIVER AT LAKE GEORGE OUTLET AT HOBART, IND.",320.805,14.06,5.3,6.2,7.5,9.0,10.6,11.4,12.6,12.7,1.05%
04094500,4094500,"SALT CREEK NEAR MCCOOL, IND.",191.8638,10.831,4.0,4.4,5.1,6.5,8.8,9.8,11.1,12.5,1.22%
04101370,4101370,"JUDAY CREEK NEAR SOUTH BEND, IN",91.7118,18.703,5.7,6.3,7.8,9.2,11.3,13.1,16.1,16.5,1.54%
04106180,4106180,"PORTAGE CREEK AT PORTAGE, MI",36.3357,15.272,3.3,3.8,5.2,7.5,10.7,13.5,15.9,16.7,1.91%
04106300,4106300,"PORTAGE CREEK NEAR KALAMAZOO, MI",50.4315,19.221,10.9,12.7,16.8,20.1,22.0,24.1,26.1,26.8,2.27%
04106500,4106500,"PORTAGE CREEK AT KALAMAZOO, MI",131.0553,15.78,4.6,5.7,7.6,9.1,10.9,12.1,14.2,15.2,1.51%
04160800,4160800,"SASHABAW CREEK NEAR DRAYTON PLAINS, MI",54.5733,12.045,4.6,5.1,6.4,7.6,9.6,11.1,13.7,15.2,1.51%
04161100,4161100,"GALLOWAY CREEK NEAR AUBURN HEIGHTS, MI",45.5265,32.438,21.1,22.5,24.7,26.3,28.4,30.3,31.5,32.7,1.66%
04162900,4162900,"BIG BEAVER CREEK NEAR WARREN, MI",64.206,46.412,19.1,20.3,24.1,28.9,37.5,39.8,41.5,42.7,3.38%
04163400,4163400,"PLUM BROOK AT UTICA, MI",47.04358,29.447,6.6,8.1,10.5,13.2,19.8,23.6,27.4,28.7,3.16%
04165500,4165500,"CLINTON RIVER AT MORAVIAN DRIVE AT MT. CLEMENS, MI",1892.565,19.321,6.6,7.8,9.9,11.8,13.7,15.0,17.0,18.1,1.65%
04166000,4166000,"RIVER ROUGE AT BIRMINGHAM, MI",85.7943,23.597,6.9,7.8,11.8,15.6,18.6,21.4,23.3,24.7,2.55%
04166100,4166100,"RIVER ROUGE AT SOUTHFIELD, MI",224.3466,25.286,4.6,6.1,11.3,16.4,21.2,23.7,25.1,26.6,3.16%
04166300,4166300,"UPPER RIVER ROUGE AT FARMINGTON, MI",45.5742,29.212,9.6,10.1,13.1,15.4,19.8,26.5,29.8,31.5,3.13%
04166500,4166500,"RIVER ROUGE AT DETROIT, MI",475.9533,32.88,13.3,18.8,26.4,31.9,34.8,36.9,38.0,38.5,3.60%
04167000,4167000,"MIDDLE RIVER ROUGE NEAR GARDEN CITY, MI",229.4964,29.379,12.0,12.9,16.6,19.1,23.1,25.1,27.2,27.7,2.24%
04168000,4168000,"LOWER RIVER ROUGE AT INKSTER, MI",219.177,25.304,10.5,11.9,14.8,16.3,19.1,20.3,22.7,23.0,1.79%
04168580,4168580,"ECORSE RIVER AT DEARBORN HEIGHTS, MI",27.5535,34.433,20.3,23.4,27.6,29.9,31.4,32.0,32.3,32.3,1.71%
04174518,4174518,"MALLETTS CREEK AT ANN ARBOR, MI",26.2431,37.585,18.3,20.4,24.7,29.7,33.1,35.3,39.1,40.3,3.14%
04206043,4206043,Mud Brook at Cuyahoga Falls OH,66.8286,18.26,7.2,8.4,10.8,13.0,15.5,17.2,19.6,19.8,1.80%
04207200,4207200,Tinkers Creek at Bedford OH,222.1038,17.984,8.0,8.8,10.7,12.7,14.3,15.7,17.9,18.2,1.45%
04208460,4208460,Mill Creek at Garfield Hts OH,46.7658,39.21,21.4,28.1,35.4,37.5,38.3,38.5,38.6,38.6,2.45%
04216200,4216200,SCAJAQUADA CREEK AT BUFFALO NY,39.4551,36.148,17.3,22.7,30.7,35.4,36.3,37.0,37.6,37.6,2.90%
04240100,4240100,HARBOR BROOK AT SYRACUSE NY,25.8525,10.323,4.0,6.6,10.0,12.0,13.3,14.4,15.5,15.6,1.65%
04240120,4240120,"LEY CREEK AT PARK STREET, SYRACUSE NY",75.8016,33.641,26.2,28.1,31.1,32.5,33.0,33.2,33.4,33.4,1.04%
04282813,4282813,"POTASH BR @ QUEEN CITY PARK RD, NR BURLINGTON, VT",17.7066,25.714,12.1,13.0,14.9,16.5,19.5,21.6,23.5,24.6,1.78%
04292770,4292770,"STEVENS BROOK AT LEMNAH DRIVE, AT ST ALBANS, VT",3.3246,15.262,10.7,12.2,12.7,13.2,13.7,14.7,15.2,15.7,0.71%
05288705,5288705,"SHINGLE CREEK AT QUEEN AVE IN MINNEAPOLIS, MN",73.03033,34.231,25.8,25.9,27.1,28.2,29.7,30.7,31.0,32.6,0.97%
05289800,5289800,"MINNEHAHA CREEK AT HIAWATHA AVE. IN MINNEAPOLIS,MN",413.1522,12.055,7.6,7.9,8.3,8.5,8.7,8.9,9.1,10.5,0.41%
05345000,5345000,"VERMILLION RIVER NEAR EMPIRE, MN",334.3264,12.505,7.9,7.9,8.0,8.2,8.7,9.1,10.0,12.4,0.65%
05422600,5422600,"Duck Creek at DC Golf Course at Davenport, IA",148.0923,13.813,8.8,9.0,9.3,9.7,10.3,10.5,10.7,11.2,0.35%
05427948,5427948,"PHEASANT BRANCH AT MIDDLETON, WI",46.9296,15.268,6.6,6.8,7.0,7.5,9.0,10.1,12.2,13.4,0.98%
05435935,5435935,"BADGER MILL CREEK @ HIGHWAYS 18 & 151 @ MADISON,WI",27.6219,20.622,2.2,2.5,3.9,6.7,11.2,14.7,18.4,20.9,2.68%
05435943,5435943,"BADGER MILL CREEK AT VERONA, WI",52.065,17.323,5.9,6.1,6.7,7.5,9.1,10.0,12.0,14.3,1.20%
05454090,5454090,"Muddy Creek at Coralville, IA",22.4442,14.968,5.1,5.3,5.5,6.2,7.1,7.9,9.6,10.9,0.82%
05484800,5484800,"Walnut Creek at Des Moines, IA",201.5955,14.147,7.6,7.8,8.3,8.7,9.2,9.5,10.4,11.3,0.53%
05527905,5527905,"HASTINGS CREEK NEAR LINDENHURST, IL",13.8897,10.614,1.7,2.4,3.4,4.7,6.5,7.9,10.5,13.8,1.74%
05527950,5527950,"MILL CREEK AT OLD MILL CREEK, IL",155.9574,11.389,2.8,3.2,3.9,4.7,5.8,6.6,9.8,11.4,1.22%
05529000,5529000,"DES PLAINES RIVER NEAR DES PLAINES, IL",943.0974,15.268,6.8,7.1,8.2,9.4,11.3,13.0,14.4,15.8,1.29%
05529500,5529500,"MC DONALD CREEK NEAR MOUNT PROSPECT, IL",21.9222,38.717,9.0,10.5,15.6,24.5,32.4,35.7,37.8,37.8,4.13%
05530000,5530000,"WELLER CREEK AT DES PLAINES, IL",32.9283,38.971,9.3,13.4,26.2,36.1,39.0,40.7,41.3,41.3,4.57%
05530990,5530990,"SALT CREEK AT ROLLING MEADOWS, IL",70.95151,34.427,12.3,13.7,17.7,23.4,28.9,32.1,33.3,33.3,3.01%
05531000,5531000,"SALT CREEK NEAR ARLINGTON HEIGHTS, IL",76.113,35.094,26.1,26.8,32.8,42.2,46.4,46.5,46.6,46.6,2.92%
05532000,5532000,"ADDISON CREEK AT BELLWOOD, IL",47.12884,54.44,33.7,38.1,46.5,49.6,50.9,51.3,51.6,52.8,2.73%
05532500,5532500,"DES PLAINES RIVER AT RIVERSIDE, IL",1634.157,27.511,27.0,29.7,34.9,38.5,41.2,42.3,43.0,43.9,2.41%
05533000,5533000,"FLAG CREEK NEAR WILLOW SPRINGS, IL",42.70919,35.35,12.8,15.1,21.5,25.4,28.7,31.6,33.8,35.8,3.28%
05533400,5533400,"SAWMILL CREEK NEAR LEMONT, IL",33.48982,31.129,12.7,13.3,15.7,19.9,25.9,28.7,30.1,33.6,2.99%
05534500,5534500,"NORTH BRANCH CHICAGO RIVER AT DEERFIELD, IL",51.6546,21.83,11.0,11.5,13.5,15.3,16.4,17.7,19.8,22.1,1.58%
05535000,5535000,"SKOKIE RIVER AT LAKE FOREST, IL",30.1419,29.512,15.4,15.8,18.2,21.6,23.4,24.5,26.3,28.5,1.87%
05535070,5535070,"SKOKIE RIVER NEAR HIGHLAND PARK, IL",51.6663,28.113,10.9,12.7,17.4,22.3,24.9,26.6,27.5,30.3,2.78%
05535500,5535500,WF OF NB CHICAGO RIVER AT NORTHBROOK IL,29.9682,32.395,18.3,19.1,23.1,26.2,30.1,31.4,32.6,34.4,2.31%
05536000,5536000,"NORTH BRANCH CHICAGO RIVER AT NILES, IL",254.6775,30.856,14.1,16.8,25.2,29.2,31.2,32.1,32.7,32.8,2.67%
05536105,5536105,"NB CHICAGO RIVER AT ALBANY AVENUE AT CHICAGO, IL",289.8513,33.17,32.7,37.8,42.8,43.6,43.8,44.0,44.7,44.7,1.72%
05536118,5536118,"NB CHICAGO RIVER AT GRAND AVENUE AT CHICAGO, IL",457.4601,43.466,41.1,43.8,47.9,48.5,48.7,48.9,49.0,49.0,1.13%
05536215,5536215,"THORN CREEK AT GLENWOOD, IL",64.9755,30.23,15.1,18.6,24.1,26.3,27.2,27.4,27.9,29.0,1.98%
05536235,5536235,"DEER CREEK NEAR CHICAGO HEIGHTS, IL",59.4018,15.376,4.9,5.4,6.5,7.9,9.5,10.1,11.2,13.9,1.28%
05536255,5536255,"BUTTERFIELD CREEK AT FLOSSMOOR, IL",60.3423,29.188,9.0,9.7,12.6,15.4,19.7,21.0,22.2,22.3,1.91%
05536270,5536270,"NORTH CREEK NEAR LANSING, IL",45.6615,24.287,7.2,7.9,10.2,12.9,16.4,17.5,18.9,19.3,1.73%
05536275,5536275,"THORN CREEK AT THORNTON, IL",268.2657,24.58,9.0,9.6,12.1,16.7,18.8,19.0,19.2,19.2,1.45%
05536290,5536290,"LITTLE CALUMET RIVER AT SOUTH HOLLAND, IL",558.3186,24.293,8.3,10.6,14.3,16.7,18.8,19.6,20.9,21.5,1.88%
05536340,5536340,"MIDLOTHIAN CREEK AT OAK FOREST, IL",32.9751,38.729,9.2,10.0,13.3,16.2,23.2,28.2,31.4,31.4,3.17%
05536500,5536500,"TINLEY CREEK NEAR PALOS PARK, IL",29.12728,30.686,5.0,5.2,6.4,9.8,16.7,23.6,25.2,25.2,2.88%
05536995,5536995,"CHICAGO SANITARY AND SHIP CA AT ROMEOVILLE, IL",1913.583,40.807,32.1,35.2,39.1,41.4,42.9,43.4,43.8,43.8,1.67%
05537500,5537500,"LONG RUN NEAR LEMONT, IL",54.621,18.992,2.2,2.4,3.1,4.3,7.1,10.4,14.1,15.8,1.95%
05537980,5537980,"DES PLAINES RIVER AT ROUTE 53 AT JOLIET, IL",2925.773,33.294,15.1,16.1,17.8,19.1,20.6,21.6,23.1,24.8,1.39%
05539000,5539000,"HICKORY CREEK AT JOLIET, IL",278.9082,21.939,8.1,8.5,9.3,10.2,11.9,13.0,16.1,18.2,1.45%
05539900,5539900,"W BRANCH DU PAGE RIVER NR WEST CHICAGO, IL",71.9064,34.473,9.1,9.4,10.8,15.8,23.8,27.2,30.2,31.8,3.24%
05540060,5540060,"KRESS CREEK AT WEST CHICAGO, IL",48.6288,27.691,19.3,19.4,20.3,21.3,21.9,22.2,22.9,24.6,0.76%
05540091,5540091,"SPRING BK AT FOREST PRESERVE NR WARRENVILLE, IL",20.5191,23.884,5.2,6.1,9.8,12.9,16.9,19.8,21.1,24.7,2.78%
05540095,5540095,"WEST BR DU PAGE RIVER NEAR WARRENVILLE, IL",237.0537,31.839,15.2,16.0,18.7,21.1,25.7,29.3,31.8,34.7,2.78%
05540130,5540130,"WEST BRANCH DU PAGE RIVER NEAR NAPERVILLE, IL",319.4865,32.382,14.0,14.6,16.6,19.4,25.0,31.4,33.6,36.5,3.21%
05540160,5540160,"EAST BRANCH DU PAGE RIVER NEAR DOWNERS GROVE, IL",70.61671,38.165,15.6,17.6,22.8,28.7,33.4,35.4,36.4,39.5,3.41%
05540195,5540195,"ST. JOSEPH CREEK AT ROUTE 34 AT LISLE, IL",29.115,36.576,17.1,19.6,26.4,31.9,36.7,38.1,39.4,42.7,3.65%
05540250,5540250,"EAST BRANCH DU PAGE RIVER AT BOLINGBROOK, IL",194.9094,34.124,10.2,10.8,13.4,18.5,24.6,28.1,29.6,33.0,3.26%
05540275,5540275,"SPRING BROOK AT 87TH STREET NEAR NAPERVILLE, IL",24.6519,32.413,12.5,12.5,12.8,13.6,15.7,20.6,27.5,30.0,2.50%
05540500,5540500,"DU PAGE RIVER AT SHOREWOOD, IL",838.863,30.706,8.5,8.6,9.1,10.2,12.3,13.5,18.8,21.4,1.84%
05550500,5550500,"POPLAR CREEK AT ELGIN, IL",94.13141,26.459,6.8,7.1,8.2,11.2,15.7,18.9,21.0,21.0,2.02%
05551200,5551200,"FERSON CREEK NEAR ST. CHARLES, IL",133.9793,12.263,2.3,2.5,2.8,3.4,4.8,6.0,8.3,10.5,1.16%
05551330,5551330,"MILL CREEK NEAR BATAVIA, IL",72.4698,16.764,5.7,5.8,6.2,6.5,8.0,9.4,12.0,14.1,1.20%
05551675,5551675,"BLACKBERRY CREEK NEAR MONTGOMERY, IL",147.4659,10.491,2.7,2.9,3.2,3.9,4.8,5.3,6.8,8.7,0.86%
05551700,5551700,"BLACKBERRY CREEK NEAR YORKVILLE, IL",182.2446,10.373,0.8,0.9,1.2,1.6,1.9,2.1,2.7,4.9,0.58%
05579725,5579725,"LITTLE KICKAPOO CREEK NEAR HEYWORTH, IL",64.4535,12.344,5.8,5.9,6.2,6.9,8.4,9.1,10.2,11.3,0.79%
05580950,5580950,"SUGAR CREEK NEAR BLOOMINGTON, IL",88.1388,38.011,19.0,20.1,22.1,24.8,28.4,30.1,32.7,33.9,2.14%
05588720,5588720,"JUDYS BRANCH AT RTE 157 AT GLEN CARBON, IL",21.9159,16.856,2.7,3.1,4.0,5.3,8.4,10.6,14.6,14.7,1.71%
06710150,6710150,"BIG DRY CREEK BELOW C-470 AT HIGHLANDS RANCH, CO",28.9953,21.175,2.4,2.5,2.5,2.5,2.8,5.1,16.6,19.2,2.41%
06892513,6892513,"MILL C AT JOHNSON DRIVE, SHAWNEE, KS",150.5421,21.826,11.9,12.0,12.1,12.3,13.0,13.8,14.4,17.6,0.81%
06893300,6893300,"INDIAN C AT OVERLAND PARK, KS",68.71951,37.7,23.6,23.7,24.0,24.8,25.9,27.1,27.8,31.1,1.07%
06893390,6893390,"INDIAN C AT STATE LINE RD, LEAWOOD, KS",167.4594,33.922,13.9,14.0,14.5,15.5,16.1,17.8,20.1,24.4,1.51%
06893400,6893400,"Indian Creek at 103rd St in Kansas City, MO",168.3207,33.967,38.5,38.6,39.4,39.9,40.1,41.0,41.0,41.5,0.42%
06893500,6893500,"Blue River at Kansas City, MO",477.0423,18.993,3.5,3.6,4.0,4.2,4.5,4.8,5.4,7.0,0.50%
06893557,6893557,"Brush Creek at Ward Parkway in Kansas City, MO",33.9336,27.595,10.9,12.7,15.3,15.9,16.1,16.3,16.3,20.6,1.38%
06893560,6893560,"Brush Creek at Kansas City, MO",40.644,32.724,50.9,51.3,51.9,52.0,52.2,52.4,52.6,53.2,0.33%
06893562,6893562,"Brush Creek at Rockhill Road in Kansas City, MO",46.8063,33.108,23.3,24.0,24.3,24.4,24.6,24.8,24.9,26.3,0.43%
06893578,6893578,"Blue River at Stadium Drive in Kansas City, MO",659.8953,22.142,18.2,19.5,20.7,21.5,22.0,22.2,22.5,23.3,0.73%
06893620,6893620,"Rock Creek at Kentucky Road in Independence, MO",24.4224,29.527,13.1,14.4,16.1,16.9,17.4,17.5,17.5,18.6,0.79%
06893970,6893970,"Spring Branch Creek at Holke Rd in Independence, M",21.8032,20.402,10.0,10.9,12.8,14.8,15.9,16.3,16.8,17.7,1.10%
06914990,6914990,"L BULL C NR SPRING HILL, KS",20.3814,10.533,7.7,7.8,7.8,7.8,7.9,8.0,8.1,9.1,0.20%
06918493,6918493,"South Fork Dry Sac River near Springfield, MO",39.7692,14.4,12.6,12.7,12.8,13.0,13.3,13.6,13.7,14.5,0.27%
06935850,6935850,"Creve Coeur Creek at Chesterfield, MO",14.409,29.077,12.6,12.6,12.7,12.8,13.6,13.8,13.9,14.8,0.31%
06935890,6935890,"Creve Coeur Creek near Creve Coeur, MO",57.2211,26.644,12.6,12.6,12.6,13.0,13.4,13.6,13.7,14.3,0.25%
06935955,6935955,"Fee Fee Creek near Bridgeton, MO",30.222,40.237,28.9,29.3,30.2,31.8,32.6,33.1,33.4,34.6,0.82%
06935980,6935980,"Cowmire Creek at Bridgeton, MO",9.6822,43.281,34.8,35.0,35.8,36.8,37.5,37.7,37.9,38.9,0.60%
06935997,6935997,"Mill Creek near Florissant, MO",5.5152,16.878,9.2,9.2,9.3,9.4,9.7,10.1,11.1,11.8,0.36%
06936475,6936475,"Coldwater Creek near Black Jack, MO",105.8697,41.014,25.5,26.3,27.7,28.8,29.4,29.7,29.8,30.6,0.72%
07001910,7001910,"Watkins Creek near Bellefontaine Neighbors, MO",2.9988,30.753,10.6,10.7,11.7,14.3,15.8,16.0,16.1,17.7,1.03%
07001985,7001985,"Watkins Creek at Bellefontaine Neighbors, MO",13.6296,30.942,17.6,18.0,19.2,20.8,21.6,22.1,22.1,23.3,0.81%
07005000,7005000,"Maline Creek at Bellefontaine Neighbors, MO",61.3296,33.52,16.1,17.5,19.8,21.2,21.9,22.1,22.2,23.6,1.06%
07010030,7010030,"River Des Peres Trib. at Pagedale, MO",5.1138,27.591,12.5,13.6,14.3,14.6,14.6,14.7,14.8,15.8,0.47%
07010035,7010035,"Engelholm Creek near Wellston, MO",3.7287,27.285,15.4,15.6,16.1,16.3,16.3,16.3,16.4,17.3,0.28%
07010055,7010055,"Deer Creek at Litzinger Road at Ladue, MO",31.626,27.488,9.7,9.9,10.5,10.8,11.1,11.1,11.2,12.0,0.34%
07010061,7010061,"Two Mile Creek at Ladue, MO",16.5816,25.622,5.4,5.7,7.0,8.1,8.5,8.8,8.9,10.1,0.68%
07010070,7010070,"Sebago Creek near Rock Hill, MO",4.8843,30.987,6.6,8.0,10.2,11.4,11.8,12.0,12.0,13.6,1.01%
07010075,7010075,"Deer Creek at Ladue, MO",55.8441,27.014,6.2,6.7,7.8,8.7,8.9,9.1,9.3,10.7,0.64%
07010082,7010082,"Black Creek near Brentwood, MO",14.8635,38.108,22.0,22.9,23.8,24.3,24.6,24.7,24.9,25.7,0.53%
07010086,7010086,"Deer Creek at Maplewood, MO",94.0257,31.545,22.2,22.8,23.4,23.7,23.8,24.0,24.1,24.8,0.36%
07010090,7010090,"MacKenzie Creek near Shrewsbury, MO",9.4149,35.631,19.1,20.1,21.2,21.8,21.9,22.1,22.4,23.9,0.69%
07010094,7010094,"Grammond Creek near Wilbur Park, MO",1.5579,36.426,16.5,16.9,17.3,17.4,17.4,17.4,17.5,18.0,0.20%
07010097,7010097,"River des Peres at St. Louis, MO",212.6259,38.857,37.8,38.3,39.1,39.4,39.6,39.6,39.8,40.2,0.34%
07010180,7010180,"Gravois Creek near Mehlville, MO",47.205,37.406,20.4,20.9,21.9,22.5,22.8,22.9,23.2,24.1,0.53%
07010208,7010208,"Martigney Creek near Arnold, MO",6.8175,40.238,26.9,26.9,27.2,27.7,28.1,28.3,28.4,29.0,0.31%
07019072,7019072,"Kiefer Creek near Ballwin, MO",10.026,18.716,14.0,14.0,14.1,14.2,14.4,14.7,15.2,15.7,0.25%
07019120,7019120,"Fishpot Creek at Valley Park, MO",24.921,31.769,12.5,12.6,13.6,14.8,17.2,18.5,19.1,20.3,1.13%
07019150,7019150,"Grand Glaize Creek near Manchester, MO",13.1553,33.244,11.1,11.2,11.6,13.6,14.4,14.8,14.8,15.8,0.67%
07019175,7019175,"Sugar Creek at Kirkwood, MO",13.3101,25.604,9.4,9.7,10.6,10.9,11.4,12.0,12.2,13.3,0.56%
07019185,7019185,"Grand Glaize Creek near Valley Park, MO",56.5434,26.22,11.7,11.9,12.1,12.6,13.6,14.2,14.5,15.5,0.54%
07019195,7019195,"Yarnell Creek at Fenton, MO",6.4791,31.954,24.0,24.1,24.3,24.8,25.1,25.3,25.6,26.1,0.29%
07019220,7019220,"Fenton Creek near Fenton, MO",11.1465,29.792,18.7,18.8,19.2,19.6,20.5,21.3,21.9,22.6,0.56%
07019317,7019317,"Mattese Creek near Mattese, MO",20.5767,39.025,24.6,24.6,24.7,25.0,25.2,25.3,25.4,25.8,0.17%
07031692,7031692,FLETCHER CREEK AT SYCAMORE VIEW ROAD AT MEMPHIS,78.95168,32.351,10.1,10.5,11.1,12.2,16.1,21.4,29.9,31.4,3.03%
07032200,7032200,"NONCONNAH CREEK NEAR GERMANTOWN, TN",175.8816,11.234,3.8,3.9,4.0,4.3,5.0,7.1,9.9,11.0,1.03%
07048480,7048480,"Town Branch at B.R. 62 at Fayetteville, AR",2.232,33.63,26.3,27.7,33.1,36.1,38.4,39.6,42.3,43.4,2.44%
07048490,7048490,"Town Branch Trib at Hwy 16 at Fayetteville, AR",3.3948,36.46,23.4,26.9,29.7,32.0,34.2,35.6,36.7,38.1,2.09%
07052000,7052000,"Wilson Creek at Springfield, MO",50.1354,46.752,36.3,37.0,37.8,38.4,39.1,39.4,39.7,40.8,0.63%
07052100,7052100,"Wilson Creek near Springfield, MO",91.1466,36.491,16.6,17.2,17.7,18.2,18.8,19.1,19.7,21.1,0.65%
07052120,7052120,"South Creek near Springfield, MO",27.3582,39.365,27.9,28.1,28.7,29.4,30.4,31.3,32.5,34.1,0.89%
07052152,7052152,"Wilson Creek near Brookline, MO",130.5135,34.6,8.3,8.3,8.4,8.5,8.8,9.2,10.0,10.8,0.36%
07103990,7103990,"COTTONWOOD CREEK AT MOUTH, AT PIKEVIEW, CO.",51.3594,18.797,3.0,3.2,3.3,4.3,8.3,13.6,17.8,20.9,2.56%
07104500,7104500,"TEMPLETON GAP FLOODWAY AT COLORADO SPRINGS, CO.",22.9572,32.418,6.6,7.1,9.1,14.7,27.4,32.2,34.3,37.0,4.34%
07105600,7105600,"SAND CREEK ABOVE MOUTH AT COLORADO SPRINGS, CO",134.5068,14.693,4.4,4.5,4.7,6.4,9.7,11.4,13.1,15.7,1.62%
07164600,7164600,"Joe Creek at 61st St at Tulsa, OK",30.1248,37.357,9.0,12.6,24.4,34.0,37.1,38.6,39.0,40.8,4.54%
07165562,7165562,"Haikey Creek at 101st St South at Tulsa, OK",46.422,32.92,11.1,11.7,13.2,15.0,21.2,26.0,29.9,31.7,2.94%
07165565,7165565,"Little Haikey Creek at 101st St South at Tulsa, OK",14.202,33.127,7.0,7.2,7.6,10.7,19.1,27.9,32.9,34.4,3.92%
07177800,7177800,"Coal Creek at Tulsa, OK",21.5649,42.682,24.6,33.7,40.9,42.1,42.7,43.0,43.7,44.9,2.90%
07195000,7195000,"OSAGE CREEK NEAR ELM SPRINGS, ARK.",335.583,10.36,3.5,3.8,4.3,5.0,6.3,7.4,9.3,11.0,1.06%
07263580,7263580,"Rock Creek at 36th Street at Little Rock, AR",49.878,28.9,7.2,8.1,10.1,15.7,22.6,26.5,28.6,29.2,3.15%
08053009,8053009,"Indian Ck at FM 2281, Carrollton, TX",35.4591,27.22,15.4,15.4,15.5,15.5,15.8,17.6,23.1,26.1,1.53%
08056500,8056500,"Turtle Ck at Dallas, TX",16.2414,32.63,19.6,26.8,32.4,34.5,35.1,36.8,38.8,41.9,3.19%
08057200,8057200,"White Rock Ck at Greenville Ave, Dallas, TX",172.998,46.666,15.2,15.8,18.8,23.2,27.8,33.9,41.0,44.7,4.22%
08057445,8057445,"Prairie Ck at US Hwy 175, Dallas, TX",23.2362,30.963,12.9,15.7,21.9,28.0,31.5,34.7,35.5,38.5,3.66%
08061540,8061540,"Rowlett Ck nr Sachse, TX",310.6431,33.737,12.0,12.1,12.5,14.0,19.3,24.0,29.1,32.5,2.93%
08061700,8061700,"Duck Ck nr Garland, TX",82.0629,46.681,21.8,23.3,27.9,34.9,43.6,47.0,47.4,49.3,3.94%
08068325,8068325,"Willow Ck nr Tomball, TX",105.2415,10.519,3.3,3.5,3.8,4.1,5.0,6.1,8.1,12.2,1.26%
08069000,8069000,"Cypress Ck nr Westfield, TX",726.4197,11.489,2.3,2.3,2.5,2.9,4.8,6.4,8.1,10.2,1.13%
08072760,8072760,"Langham Ck at W Little York Rd nr Addicks, TX",49.0041,27.859,2.5,2.5,2.6,2.8,4.6,9.2,11.8,14.1,1.66%
08074020,8074020,"Whiteoak Bayou at Alabonson Rd, Houston, TX",104.2263,40.688,14.1,14.2,14.9,16.5,23.3,29.7,33.5,36.6,3.22%
08074150,8074150,"Cole Ck at Deihl Rd, Houston, TX",22.5693,51.08,38.7,39.1,39.7,41.0,43.7,45.2,48.1,49.7,1.57%
08074500,8074500,"Whiteoak Bayou at Houston, TX",246.2607,45.693,18.4,21.0,26.5,31.6,37.9,39.7,40.6,43.1,3.53%
08074760,8074760,"Brays Bayou at Alief, TX",42.1884,47.291,10.2,10.3,10.6,12.5,22.4,32.6,36.4,39.7,4.21%
08074810,8074810,"Brays Bayou at Gessner Dr, Houston, TX",133.0659,50.491,10.2,10.3,10.6,12.5,22.4,32.6,36.4,39.7,4.21%
08075000,8075000,"Brays Bayou at Houston, TX",261.5814,53.655,14.7,16.6,22.5,30.1,38.5,41.5,42.9,45.0,4.32%
08075400,8075400,"Sims Bayou at Hiram Clarke St, Houston, TX",50.445,32.026,6.7,7.4,8.9,13.1,21.1,25.3,26.4,29.9,3.32%
08075500,8075500,"Sims Bayou at Houston, TX",162.0945,29.82,10.0,11.9,16.8,20.9,23.2,23.9,24.5,27.9,2.56%
08075605,8075605,"Berry Bayou at Nevada St, Houston, TX",12.8547,55.018,11.9,14.5,26.3,34.6,37.3,39.0,39.5,42.3,4.33%
08075730,8075730,"Vince Bayou at Pasadena, TX",23.9301,46.431,11.7,14.1,21.2,27.1,33.0,36.6,37.1,39.9,4.03%
08075763,8075763,"Hunting Bayou at Hoffman St, Houston, TX",23.301,55.565,23.3,30.4,38.8,44.8,46.3,46.8,47.1,49.4,3.73%
08075770,8075770,"Hunting Bayou at IH 610, Houston, TX",47.6199,52.574,32.8,36.5,41.6,45.2,46.6,47.1,47.5,50.1,2.47%
08075900,8075900,"Greens Bayou nr US Hwy 75 nr Houston, TX",83.3409,38.253,10.0,10.2,10.6,12.1,19.5,27.3,30.0,33.6,3.38%
08076000,8076000,"Greens Bayou nr Houston, TX",154.3689,37.552,23.8,24.1,25.2,27.0,30.2,31.2,31.7,33.8,1.44%
08076180,8076180,"Garners Bayou nr Humble, TX",72.9882,23.278,10.7,10.8,11.1,11.6,13.1,15.6,17.1,20.1,1.35%
08076500,8076500,"Halls Bayou at Houston, TX",74.6469,38.016,10.6,12.5,15.3,20.5,26.7,29.5,30.5,33.4,3.25%
08076997,8076997,"Clear Ck at Mykawa St nr Pearland, TX",84.6765,16.387,4.1,4.2,4.5,5.0,5.7,6.7,8.0,9.6,0.78%
08077000,8077000,"Clear Ck nr Pearland, TX",88.2981,16.565,17.5,17.5,18.7,19.2,20.1,20.8,22.8,25.6,1.16%
08083420,8083420,"Cat Claw Ck at Abilene, TX",32.121,24.076,10.0,12.5,17.6,20.7,22.6,24.8,25.7,26.2,2.31%
08116400,8116400,"Dry Ck nr Rosenberg, TX",24.6339,17.581,4.9,6.0,8.1,9.8,12.8,15.0,16.3,20.5,2.22%
08155541,8155541,"W Bouldin Ck at Oltorf Rd, Austin, TX",4.5882,31.425,9.0,13.2,18.8,29.8,39.1,43.0,43.5,45.5,5.22%
08156675,8156675,"Shoal Ck at Silverway Dr, Austin, TX",14.4657,42.615,19.1,19.8,24.1,34.5,42.3,44.4,47.7,49.2,4.30%
08156800,8156800,"Shoal Ck at W 12th St, Austin, TX",32.9562,36.509,14.5,21.7,33.1,37.6,39.8,40.3,40.8,43.7,4.17%
08156910,8156910,"Waller Ck at Koenig Lane, Austin, TX",2.8179,48.229,27.7,32.0,43.3,50.7,52.3,53.4,54.1,55.4,3.95%
08157000,8157000,"Waller Ck at 38th St, Austin, TX",5.8986,35.762,21.1,30.2,35.4,38.2,40.2,40.7,40.8,43.1,3.15%
08157500,8157500,"Waller Ck at 23rd St, Austin, TX",10.6146,37.726,29.3,32.5,35.8,39.3,40.6,41.5,45.2,47.1,2.54%
08158030,8158030,"Boggy Ck at Manor Rd, Austin, TX",4.3182,35.019,23.3,34.9,41.6,42.9,44.3,44.6,44.6,47.4,3.44%
08158035,8158035,"Boggy Ck at Webberville Rd, Austin, TX",8.9091,33.089,16.4,24.6,31.1,33.8,36.4,37.0,37.5,40.2,3.41%
08158045,8158045,"Ft Br Boggy Ck at Manor Rd, Austin, TX",3.8016,37.927,11.7,14.6,30.8,41.7,44.9,46.3,46.8,48.0,5.18%
08158200,8158200,"Walnut Ck at Dessau Rd, Austin, TX",68.5872,31.581,12.7,12.9,13.7,14.9,19.9,28.5,34.1,36.9,3.45%
08158380,8158380,"Little Walnut Ck at Georgian Dr, Austin, TX",13.5378,53.069,18.8,19.2,23.0,32.5,47.1,49.7,50.4,52.0,4.73%
08158600,8158600,"Walnut Ck at Webberville Rd, Austin, TX",134.586,29.948,10.9,11.5,12.9,16.9,21.5,23.5,24.1,26.6,2.25%
08158970,8158970,"Williamson Ck at Jimmy Clay Rd, Austin, TX",71.2494,24.721,7.2,7.8,9.5,12.9,21.1,26.7,31.2,34.4,3.88%
08177700,8177700,"Olmos Ck at Dresden Dr, San Antonio, TX",56.682,28.755,5.9,6.7,9.3,14.9,22.0,26.6,29.1,32.0,3.73%
08181480,8181480,"Leon Ck at IH 35 at San Antonio, TX",542.4213,13.779,4.5,4.8,5.3,6.2,8.2,11.1,13.2,15.5,1.58%
08329840,8329840,"HAHN ARROYO IN ALBUQUERQUE, NM",10.9881,44.442,2.8,4.1,13.9,28.8,39.0,40.2,40.8,42.3,5.64%
09483000,9483000,"TUCSON ARROYO AT VINE AVE, AT TUCSON, AZ.",19.8936,39.229,12.5,18.7,31.9,34.9,36.2,37.0,37.2,38.2,3.67%
10168000,10168000,LITTLE COTTONWOOD CREEK @ JORDAN RIVER NR SLC,116.9108,12.752,2.0,2.3,3.7,5.5,9.0,10.4,11.4,12.8,1.55%
10311300,10311300,"EAGLE VALLEY CREEK AT CARSON CITY, NV",75.2382,12.675,4.5,4.9,5.4,7.0,9.2,10.3,11.5,13.3,1.24%
010965852,10965852,"BEAVER BROOK AT NORTH PELHAM, NH",123.0804,13.213,4.2,4.4,4.9,6.3,9.4,12.2,13.3,14.6,1.48%
11023330,11023330,LOS PENASQUITOS C BL POWAY C NR POWAY CA,81.13409,17.772,4.9,5.2,6.1,8.1,11.4,14.0,15.9,20.0,2.15%
11023340,11023340,LOS PENASQUITOS C NR POWAY CA,109.6047,20.546,7.1,7.3,7.8,9.4,13.4,20.2,29.2,31.8,3.53%
11045300,11045300,FALLBROOK C NR FALLBROOK CA,18.2817,11.081,4.2,5.0,6.5,8.1,10.2,11.7,12.0,12.9,1.24%
11047000,11047000,ARROYO TRABUCO NR SAN JUAN CAPISTRANO CA,91.98631,12.726,5.3,5.4,5.4,5.6,6.6,8.5,12.4,13.7,1.19%
11047500,11047500,ALISO C A EL TORO CA,22.941,21.2,3.8,3.9,4.3,6.1,14.6,21.0,23.6,26.8,3.29%
11060400,11060400,WARM C NR SAN BERNARDINO CA,30.91147,45.352,31.3,37.9,44.5,46.5,47.3,48.3,49.0,50.6,2.76%
11101500,11101500,RIO HONDO NR MONTEBELLO CA,299.7756,31.881,16.6,22.1,27.3,28.6,29.2,29.6,29.9,31.0,2.05%
11102000,11102000,MISSION C NR MONTEBELLO CA,16.4178,57.05,20.8,29.0,40.2,43.7,44.5,45.2,45.3,45.8,3.56%
11102300,11102300,RIO HONDO BL WHITTIER NARROWS DAM CA,326.5812,33.172,12.1,14.3,19.9,25.2,27.8,28.2,28.4,29.5,2.49%
11102500,11102500,RIO HONDO NR DOWNEY CA,344.6073,34.803,37.4,43.4,52.8,54.8,55.4,56.2,56.3,56.4,2.72%
11120000,11120000,ATASCADERO C NR GOLETA CA,49.3047,10.408,2.6,3.2,5.3,9.0,10.2,10.9,11.8,12.8,1.46%
11153650,11153650,LLAGAS C NR GILROY,221.0256,11.731,4.5,4.9,5.6,6.5,8.6,9.7,10.5,12.6,1.16%
11161300,11161300,CARBONERA C A SCOTTS VALLEY CA,9.4554,11.854,4.7,5.6,7.7,9.7,13.3,14.3,17.3,20.1,2.19%
11162720,11162720,COLMA C A SOUTH SAN FRANCISCO CA,28.4697,37.658,11.7,15.5,24.3,29.6,32.7,33.3,33.5,34.7,3.28%
11162800,11162800,REDWOOD C A REDWOOD CITY CA,4.5738,14.932,7.3,9.0,12.0,13.3,14.3,15.2,15.4,17.5,1.45%
11166000,11166000,MATADERO C A PALO ALTO CA,16.5105,13.542,5.9,7.0,8.3,10.0,11.0,11.8,12.3,14.7,1.25%
11181040,11181040,SAN LORENZO C A SAN LORENZO CA,121.3956,12.14,2.7,4.7,7.9,9.2,9.9,10.9,11.7,12.8,1.44%
11183000,11183000,SAN RAMON C AT WALNUT CREEK CA,133.0317,12.362,2.5,3.3,5.1,6.7,10.8,13.1,14.6,18.2,2.25%
11183600,11183600,WALNUT C A CONCORD CA,217.8819,13.201,4.6,7.0,11.9,15.7,18.6,19.7,20.3,24.3,2.82%
11335655,11335655,DEER C NR CAMERON PARK CA,44.8875,12.006,3.0,3.1,3.2,4.0,7.3,11.9,15.2,17.3,2.04%
11336580,11336580,MORRISON C NR SACRAMENTO CA,106.0317,18.698,11.8,13.1,15.5,16.6,17.4,17.8,17.9,18.9,1.02%
11447293,11447293,DRY C A VERNON ST BRIDGE A ROSEVILLE CA,204.3225,14.225,5.2,5.7,6.7,8.6,11.6,14.1,16.6,19.9,2.11%
11447360,11447360,ARCADE C NR DEL PASO HEIGHTS CA,81.52355,42.545,5.3,7.2,14.8,24.0,35.3,39.5,40.3,44.3,5.57%
11465660,11465660,COPELAND C A ROHNERT PARK CA,14.229,10.991,2.2,2.2,2.9,4.2,7.2,9.1,9.9,11.2,1.28%
11465680,11465680,LAGUNA DE SANTA ROSA A STONY PT RD NR COTATI CA,107.3151,13.882,6.5,6.9,7.8,9.4,12.7,14.2,15.2,17.2,1.53%
11465690,11465690,COLGAN C NR SANTA ROSA CA,8.7327,27.924,12.5,14.0,17.7,20.3,21.9,22.4,23.3,25.2,1.81%
11465700,11465700,COLGAN C NR SEBASTOPOL CA,17.9136,18.994,3.9,5.0,7.3,8.4,9.4,10.8,11.5,13.0,1.30%
11465750,11465750,LAGUNA DE SANTA ROSA C NR SEBASTOPOL CA,209.2266,12.375,4.3,5.5,7.4,8.6,10.0,10.8,11.6,13.8,1.36%
11466065,11466065,BRUSH C A SANTA ROSA CA,26.9235,12.575,1.6,2.3,3.5,7.2,11.7,13.1,14.8,17.1,2.21%
11466320,11466320,SANTA ROSA C A WILLOWSIDE RD NR SANTA ROSA CA,199.3878,12.956,4.4,5.3,7.1,9.0,11.4,13.2,14.0,16.4,1.73%
11466800,11466800,MARK WEST C NR MIRABEL HEIGHTS CA,652.1787,10.111,2.1,2.3,2.8,3.4,4.3,5.4,6.4,7.8,0.82%
12081000,12081000,"WOODLAND CREEK NEAR OLYMPIA, WA",63.9918,23.279,8.1,8.6,9.7,12.6,17.5,20.7,23.4,26.4,2.62%
12090400,12090400,"NORTH FORK CLOVER CREEK NEAR PARKLAND, WA",14.5764,25.577,7.1,8.8,10.9,12.7,14.6,17.2,21.0,24.7,2.51%
12090500,12090500,"CLOVER CREEK NEAR TILLICUM, WA",164.0682,22.495,5.4,6.1,6.8,8.7,11.6,14.5,17.8,20.5,2.16%
12091100,12091100,"FLETT CREEK AT TACOMA, WA",34.6986,51.72,29.3,33.4,36.4,39.6,42.0,43.8,44.7,45.9,2.37%
12091200,12091200,"LEACH CREEK NEAR FIRCREST, WA",12.2202,46.067,14.5,17.8,25.9,33.3,38.2,40.9,42.1,43.6,4.17%
12091290,12091290,"LEACH CR AT MEADOW PARK GC AT UNIVERSITY PLACE, WA",17.2728,42.374,3.2,5.3,7.0,14.2,20.3,30.6,33.0,36.1,4.70%
12091300,12091300,"LEACH CREEK NEAR STEILACOOM, WA",12.64907,37.603,1.8,4.2,5.7,15.6,26.5,31.1,32.9,36.8,5.00%
12091500,12091500,"CHAMBERS CREEK BL LEACH CREEK NEAR STEILACOOM, WA",258.0885,31.012,16.3,19.4,25.7,31.0,34.8,36.6,38.5,40.8,3.49%
12102190,12102190,"SWAN CREEK AT 80TH ST EAST NEAR TACOMA, WA",5.5512,22.243,6.3,8.2,10.1,12.5,13.3,13.8,16.0,18.6,1.76%
12113347,12113347,"MILL CREEK AT EARTHWORKS PARK AT KENT, WA",7.2477,35.251,5.9,7.5,10.5,17.2,23.4,28.2,32.6,34.4,4.07%
12113349,12113349,"MILL CREEK NEAR MOUTH AT ORILLIA, WA",13.6269,48.736,24.0,24.9,27.1,34.5,40.1,43.8,46.8,49.9,3.70%
12120000,12120000,"MERCER CREEK NEAR BELLEVUE, WA",37.3257,38.172,14.6,15.5,21.2,29.4,35.2,38.2,39.5,41.7,3.87%
12120500,12120500,"JUANITA CREEK NEAR KIRKLAND, WA",16.7418,39.193,9.4,10.3,12.1,22.0,37.0,41.8,43.9,45.2,5.12%
12124000,12124000,"EVANS CREEK (ABOVE MOUTH) NEAR REDMOND, WA",33.9516,13.511,1.0,1.2,1.4,1.8,4.5,9.8,13.0,15.6,2.08%
12125200,12125200,"SAMMAMISH RIVER NEAR WOODINVILLE, WA",405.4338,13.061,3.2,3.5,4.2,5.9,8.6,11.2,13.3,14.9,1.68%
12126000,12126000,"NORTH CREEK NEAR BOTHELL, WA",63.6327,32.874,6.4,7.0,8.5,12.4,18.8,26.0,31.1,34.8,4.06%
12127100,12127100,"SWAMP CREEK AT KENMORE, WA",58.8636,35.928,8.8,10.4,13.6,19.6,24.9,30.1,34.0,38.5,4.23%
12128000,12128000,"THORNTON CREEK NEAR SEATTLE, WA",31.2849,43.422,14.7,24.6,36.6,41.1,42.6,43.5,43.8,45.1,4.34%
12157000,12157000,"QUILCEDA CREEK NEAR MARYSVILLE, WA",47.7387,16.227,6.3,6.4,6.8,7.6,10.0,11.8,14.6,17.6,1.62%
14142800,14142800,"BEAVER CREEK AT TROUTDALE, OR",28.8396,24.076,4.8,5.4,6.4,8.3,15.4,17.4,20.1,21.7,2.41%
14206900,14206900,"FANNO CREEK AT 56TH AVE, AT PORTLAND, OR",6.2253,30.978,8.4,12.4,22.9,28.9,35.8,37.4,38.6,40.5,4.58%
14206950,14206950,"FANNO CREEK AT DURHAM, OR",80.7422,39.519,13.0,14.8,18.4,23.9,31.2,36.7,41.1,44.9,4.55%
14211315,14211315,"TRYON CREEK NEAR LAKE OSWEGO, OR",17.11965,22.841,6.0,9.3,13.4,15.8,22.0,24.2,26.1,28.4,3.19%
14211499,14211499,"KELLEY CREEK AT SE 159TH DRIVE AT PORTLAND, OR",12.2553,10.337,2.2,2.8,3.2,4.0,5.2,6.3,8.4,10.1,1.13%
14211500,14211500,"JOHNSON CREEK AT SYCAMORE, OR",68.4882,14.646,3.3,3.8,4.9,6.3,10.6,12.2,14.2,15.5,1.74%
14211550,14211550,"JOHNSON CREEK AT MILWAUKIE, OR",137.3274,30.31,16.2,20.7,27.9,33.1,35.9,37.2,39.6,40.8,3.52%
21459367,21459367,"BIG DUTCHMAN CREEK AT ROCK HILL, SC",43.5285,13.331,2.2,3.2,4.7,7.2,10.2,13.0,15.9,17.3,2.15%
21473428,21473428,"WILDCAT CREEK BELOW ROCK HILL, SC",76.8087,10.427,3.7,4.2,5.4,6.7,8.6,9.9,12.3,13.7,1.43%
23358685,23358685,"SEWELL MILL CREEK AT GA 120, NEAR MARIETTA, GA",32.9994,14.988,0.7,0.8,1.2,3.6,12.9,20.6,24.8,30.7,4.28%
40871488,40871488,"WILSON PARK CR @ ST. LUKES HOSPTL @ MILWAUKEE, WI",28.9269,47.982,0.7,0.8,1.2,3.6,12.9,20.6,24.8,30.7,4.28%
54310157,54310157,"JACKSON CREEK TRIBUTARY NEAR ELKHORN, WI",11.1402,18.802,9.6,10.0,10.5,11.3,12.1,13.4,14.2,15.0,0.77%
158397967,158397967,"MINEBANK RUN NEAR GLEN ARM, MD",5.7411,21.281,9.1,12.6,18.7,22.9,25.5,27.3,28.5,29.8,2.96%
208675010,208675010,"ELLERBE CREEK AT CLUB BOULEVARD AT DURHAM, NC",15.4845,20.53,13.7,17.6,21.1,23.7,25.6,26.7,27.4,30.1,2.33%
208732885,208732885,"MARSH CREEK NEAR NEW HOPE, NC",17.8308,29.555,18.4,19.0,20.8,27.4,34.9,38.2,39.4,41.9,3.36%
208735012,208735012,"ROCKY BRANCH BELOW PULLEN DRIVE AT RALEIGH, NC",3.1266,37.481,27.5,29.2,30.3,31.7,33.5,34.4,34.7,35.8,1.18%
209399200,209399200,"HORSEPEN CREEK AT US 220 NR GREENSBORO, NC",41.0679,22.319,10.4,10.9,11.8,14.4,17.1,21.5,26.4,28.0,2.51%
209553650,209553650,"BUFFALO CREEK AT SR2819 NR MCLEANSVILLE, NC",229.7493,27.036,4.1,4.3,5.2,5.9,7.0,8.3,9.6,11.2,1.02%
209722970,209722970,"SANDY CREEK AT CORNWALLIS RD NEAR DURHAM, NC",12.2481,21.829,12.5,15.2,18.6,21.9,24.6,25.2,25.7,27.9,2.19%
209741955,209741955,"NORTHEAST CREEK AT SR1100 NR GENLEE, NC",54.6354,14.418,8.9,9.2,9.6,11.2,12.7,14.2,15.9,17.8,1.28%
212414900,212414900,"MALLARD CR BL STONY CR NR HARRISBURG, NC",92.56409,19.558,6.6,6.9,7.6,8.6,9.7,12.3,20.3,24.0,2.49%
214265808,214265808,TORRENCE CR AT BRADFORD HILL LANE NR HUNTERSVILLE,18.6282,15.612,4.5,5.0,5.8,7.1,8.5,10.2,14.8,18.1,1.94%
214266000,214266000,"MCDOWELL CREEK NR CHARLOTTE, NC (CSW10)",67.869,14.763,1.1,1.1,1.4,1.7,2.1,3.1,7.9,12.0,1.56%
214291555,214291555,"LONG CREEK NR RHYNE, NC",83.2122,17.151,1.5,2.0,3.2,5.2,6.2,7.4,10.2,14.3,1.82%
214295600,214295600,"PAW CR AT WILKINSON BLVD NR CHARLOTTE, NC",27.2295,20.316,8.8,9.7,12.4,15.3,17.7,20.7,22.2,25.7,2.42%
214642825,214642825,"BRIAR CREEK NEAR CHARLOTTE, NC",13.3155,23.866,3.0,5.5,10.0,19.0,28.2,32.1,34.0,37.4,4.92%
214645022,214645022,"BRIAR CR ABOVE COLONY RD AT CHARLOTTE, NC",48.5226,24.663,9.0,14.7,23.3,28.7,31.8,33.6,34.9,38.1,4.16%
214655255,214655255,"MCALPINE CREEK AT SR3150 NR IDLEWILD, NC",18.891,18.106,1.5,2.1,3.9,7.3,13.6,24.9,29.2,32.4,4.42%
214676115,214676115,"MCALPINE CREEK AT SR2964 NR CAMP COX, SC",245.3535,19.253,4.6,4.7,5.1,5.3,7.5,12.2,19.6,22.1,2.49%
214678175,214678175,"STEELE CREEK AT SR1441 NR PINEVILLE, NC",18.2502,32.023,16.5,16.7,17.0,17.9,19.5,22.7,27.3,30.1,1.94%
214685800,214685800,"SIX MILE CREEK NEAR PINEVILLE, NC",54.3951,15.031,0.7,0.8,0.9,1.1,1.7,4.3,9.5,12.7,1.72%
