"","STAID","STANAME","DRAIN_SQKM","STOR_NID_2009_MM3","RUNAVE7100_MM3","STO_RATIO","ROADS_KM_SQ_KM","RD_STR_INTERS","IMPNLCD06","NLCD01_06_DEV"
"130","010965852","BEAVER BROOK AT NORTH PELHAM, NH",123.0804,2.28,67.74816614,0.03,3.805,1.257,13.213,0.871
"136","01097300","NASHOBA BROOK NEAR ACTON, MA",30.8718,0.09,18.73152639,0,2.795,0.715,11.043,6.09
"137","01097380","NASHOBA BROOK, COMMONWEALTH AVE AT W. CONCORD, MA",120.4119,4.22,73.22852107,0.06,3.434,1.098,10.379,2.849
"144","01100600","SHAWSHEEN RIVER NEAR WILMINGTON, MA",96.4215,0.26,53.33281435,0,5.708,1.697,26.875,2.031
"145","01100627","SHAWSHEEN RIVER AT BALMORAL STREET AT ANDOVER, MA",173.1114,4.23,95.7034084,0.04,5.38,1.67,26.211,4.272
"151","01102500","ABERJONA RIVER AT WINCHESTER, MA",59.74671,2.98,30.480752,0.1,7.916,2.324,41.936,1.45
"152","01103025","ALEWIFE BROOK NEAR ARLINGTON, MA",21.5235,0,10.9554615,0,12.872,1.296,51.434,0.163
"154","01103280","CHARLES RIVER AT MEDWAY, MA",169.119,4.12,87.75801382,0.05,3.942,1.376,16.765,4.636
"156","01103500","CHARLES RIVER AT DOVER, MA",473.3199,12.42,243.8811551,0.05,3.806,1.208,12.552,3.038
"157","01104200","CHARLES RIVER AT WELLESLEY, MA",548.3745,13.2,282.0839525,0.05,4.255,1.182,14.414,2.827
"168","01105600","OLD SWAMP RIVER NEAR SOUTH WEYMOUTH, MA",12.6603,0,6.498585163,0,5.42,1.644,27.295,4.258
"169","01105638","WEIR RIVER AT LEAVITT STREET AT HINGHAM, MA",39.2292,1.48,20.03831459,0.07,3.443,1.25,12.424,3.267
"170","01105730","INDIAN HEAD RIVER AT HANOVER, MA",79.5672,2.47,54.76888066,0.05,3.908,1.234,16.913,4.856
"176","01105933","PASKAMANSET RIVER NEAR SOUTH DARTMOUTH, MA",68.0985,1.14,47.66803067,0.02,3.362,0.683,14.774,2.527
"178","01106500","MATFIELD RIVER AT ELMWOOD, MA",104.4702,4.07,69.25791316,0.06,5.995,1.73,27.674,3.219
"180","01108320","CANOE RIVER NEAR NORTON, MA",57.8601,3.37,37.23858099,0.09,3.376,0.964,10.522,3.898
"181","01108410","MILL RIVER AT SPRING STREET AT TAUNTON, MA",122.022,8.07,80.00113743,0.1,3.131,0.966,10.661,3.168
"182","01108500","WADING RIVER AT WEST MANSFIELD, MA",51.7797,2.84,33.03062273,0.09,3.117,1.279,11.164,2.578
"183","01109000","WADING RIVER NEAR NORTON, MA",112.7429,4.36,73.75498462,0.06,2.891,1.044,10.495,2.66
"184","01109060","THREEMILE RIVER AT NORTH DIGHTON, MA",220.1049,14.16,145.1400104,0.1,3.265,1.044,12.467,3.225
"191","01110000","QUINSIGAMOND RIVER AT NORTH GRAFTON, MA",66.08279,3.72,45.95713753,0.08,5.867,1.337,26.991,2.873
"202","01114000","MOSHASSUCK RIVER AT PROVIDENCE, RI",60.42774,3.61,40.50516129,0.09,8.188,1.906,37.287,3.309
"211","01116905","HUNT R 250 FT DS FRY BRK AT FRENCHTOWN, RI",40.7619,0,27.26878173,0,2.729,0.997,10.016,4.935
"212","01117000","HUNT RIVER NEAR EAST GREENWICH, RI",59.6844,0.08,39.90901257,0,3.427,1.315,14.76,5.033
"332","01189000","PEQUABUCK R AT FORESTVILLE, CT.",116.4466,8.26,81.04558762,0.1,4.245,1.536,13.12,1.048
"344","01195490","QUINNIPIAC RIVER AT SOUTHINGTON, CT.",47.5542,0.77,34.23851041,0.02,5.474,1.644,24.159,2.686
"345","01196500","QUINNIPIAC RIVER AT WALLINGFORD, CT.",285.7488,10.41,206.035829,0.05,4.594,1.378,18.464,2.1
"358","01201487","STILL RIVER AT ROUTE 7 AT BROOKFIELD CENTER, CT.",155.0745,8.07,102.4263041,0.08,4.995,1.766,15.801,1.351
"378","01300000","BLIND BROOK AT RYE NY",24.1038,0.14,13.02788215,0.01,5.734,1.695,19.892,3.009
"379","01300500","BEAVER SWAMP BROOK AT MAMARONECK NY",11.7243,0,6.2959491,0,7.6,1.733,20.953,0
"380","01301000","MAMARONECK RIVER AT MAMARONECK NY",58.20592,1.39,31.25657904,0.04,7.267,2.686,20.568,1.568
"384","01302500","GLEN COVE CREEK AT GLEN COVE NY",30.3381,0,11.63855373,0,6.372,3.541,20.031,0.353
"386","01303500","COLD SPRING BROOK AT COLD SPRING HARBOR NY",19.0377,0,7.064721034,0,5.218,0.289,13.348,0.577
"387","01304000","NISSEQUOGUE RIVER NEAR SMITHTOWN NY",57.89507,0.77,21.58503632,0.04,7.832,1.199,25.619,0.311
"389","01305000","CARMANS RIVER AT YAPHANK NY",190.2237,0.28,44.02185399,0.01,6.441,0.477,18.609,2.848
"390","01305500","SWAN RIVER AT EAST PATCHOGUE NY",21.29928,0,4.85623584,0,6.851,2.056,24.148,4.834
"391","01306000","PATCHOGUE RIVER AT PATCHOGUE NY",36.3186,0.44,8.2806408,0.05,8.13,1.828,28.67,1.522
"392","01306440","CONNETQUOT BROOK AT CENTRAL ISLIP NY",41.7267,0,9.828945337,0,9.316,0.801,25.447,0.233
"393","01306460","CONNETQUOT BK NR CENTRAL ISLIP NY",55.7127,0,13.08899688,0,8.759,0.37,27.035,0.215
"394","01306500","CONNETQUOT RIVER NEAR OAKDALE NY",72.1854,0,16.84477349,0,7.823,0.323,26.421,0.293
"395","01307000","CHAMPLIN CREEK AT ISLIP NY",13.9932,0,3.1904496,0,10.869,4.091,38.072,0.032
"396","01307500","PENATAQUIT CREEK AT BAY SHORE NY",11.0025,0,2.50857,0,10.878,5.062,43.601,0.049
"397","01308000","SAMPAWAMS CREEK AT BABYLON NY",58.2192,0,13.60629862,0,8.04,2.139,30.727,1.397
"398","01308500","CARLLS RIVER AT BABYLON NY",94.33336,0.1,21.63213935,0,8.866,1.241,28.658,0.317
"399","01309000","SANTAPOGUE CREEK AT LINDENHURST NY",10.0314,0,2.2871592,0,8.397,2.766,39.285,0.108
"400","01309500","MASSAPEQUA CREEK AT MASSAPEQUA NY",94.45462,0,22.07729393,0,8.62,2.295,36.245,0.22
"401","01309950","BELLMORE CREEK NEAR BELLMORE NY",37.7784,0,8.6134752,0,13.324,0.84,58.345,0
"402","01310000","BELLMORE CREEK AT BELLMORE NY",39.5037,0,9.0068436,0,13.244,0.826,58.337,0
"403","01310500","EAST MEADOW BROOK AT FREEPORT NY",78.0714,0,18.59090827,0,8.933,2.416,38.426,0.163
"404","01311000","PINES BROOK AT MALVERNE NY",26.1522,0,6.129929228,0,12.368,3.161,47.624,0.062
"405","01311500","VALLEY STREAM AT VALLEY STREAM NY",18.0594,0,4.1175432,0,15.836,2.283,62.831,0
"406","01311810","CONSELYEAS POND TRIBUTARY AT ROSEDALE NY",33.5412,0,7.695173039,0,15.36,5.415,64.696,0.03
"453","01356190","LISHA KILL NORTHWEST OF NISKAYUNA NY",40.6341,0.01,31.05238824,0,5.214,1.285,14.722,2
"499","01376500","SAW MILL RIVER AT YONKERS NY",62.53778,1.48,25.91768851,0.06,8.501,3.491,22.273,0.861
"502","01377370","Pascack Brook at Park Ridge NJ",35.2422,0.14,16.86762176,0.01,8.781,2.894,17.449,1.977
"534","01391000","HOHOKUS BROOK AT HO-HO-KUS NJ",42.2928,0.24,20.2582512,0.01,7.519,2.146,11.788,3.254
"535","01391500","SADDLE RIVER AT LODI NJ",146.4624,0.34,70.1554896,0,7.9,1.885,15.388,2.144
"537","01393450","ELIZABETH R AT URSINO LAKE AT ELIZABETH NJ",45.5382,0.84,21.31833492,0.04,12.831,3.163,50.098,0.043
"538","01393500","ELIZABETH RIVER AT ELIZABETH NJ",49.4001,0.84,23.1273336,0.04,12.822,3.188,50.651,0.04
"539","01394500","RAHWAY RIVER NEAR SPRINGFIELD NJ",67.09879,0.44,31.68974533,0.01,9.232,2.805,23.929,0.567
"540","01395000","RAHWAY RIVER AT RAHWAY NJ",107.8884,1.05,50.84079017,0.02,9.539,2.408,24.818,0.413
"541","01396000","ROBINSONS BRANCH AT RAHWAY NJ",52.5447,1.67,24.78933364,0.07,8.217,2.025,20.275,0.308
"561","01402600","ROYCE BROOK TRIBUTARY NEAR BELLE MEAD NJ",1.5993,0,0.8876115,0,9.445,7.068,31.703,0
"564","01403400","GREEN BROOK AT SEELEY MILLS NJ",16.3035,0.21,8.674313043,0.02,5.273,1.254,10.05,0.414
"565","01403500","GREEN BROOK AT PLAINFIELD NJ",31.4784,0.23,17.03749828,0.01,7.552,2.432,19.255,0.918
"568","01403900","Bound Brook at Middlesex NJ",125.6335,0.58,68.69480225,0.01,8.301,2.719,24.771,0.625
"569","01405000","LAWRENCE BROOK AT FARRINGTON DAM NJ",84.2607,4.3,46.7646885,0.09,3.888,0.988,16.344,3.108
"572","01405500","SOUTH RIVER AT OLD BRIDGE NJ",245.6127,4.17,136.380185,0.03,3.99,1.217,10.969,4.768
"573","01406050","Deep Run at Old Bridge NJ",40.5324,0.17,21.57428188,0.01,4.782,1.043,12.83,4.43
"574","01407290","Big Brook near Marlboro NJ",17.001,0,8.082295801,0,3.695,0.823,11.647,5.574
"577","01407760","JUMPING BROOK NEAR NEPTUNE CITY NJ",16.254,0.16,7.606872,0.02,7.56,1.63,18.967,4.236
"580","01408120","NORTH BRANCH METEDECONK RIVER NEAR LAKEWOOD NJ",91.2879,0.21,54.3163005,0,4.682,1.206,10.731,2.073
"680","01451500","Little Lehigh Creek near Allentown, PA",212.0562,0.06,154.0376237,0,3.984,1.198,10.054,2.029
"681","01451650","Little Lehigh Creek at Tenth St. Br. at Allentown",253.8567,0.13,184.5422196,0,4.906,1.291,12.787,1.966
"703","01465798","Poquessing Creek at Grant Ave. at Philadelphia, PA",54.4905,0.09,30.50726384,0,8.076,2.067,32.299,0.943
"709","01467042","Pennypack Creek at Pine Road, at Philadelphia, PA",98.2359,0.16,54.88837588,0,7.259,1.978,20.228,0.652
"710","01467048","Pennypack Cr at Lower Rhawn St Bdg, Phila., PA",129.4524,0.16,72.33840242,0,7.948,1.779,24.493,0.688
"711","01467081","SOUTH BRANCH PENNSAUKEN CREEK AT CHERRY HILL NJ",23.1327,0,12.9311793,0,8.318,0.906,33.642,1.183
"712","01467086","Tacony Creek at County Line, Philadelphia, PA",41.8185,0,23.36954108,0,10.33,2.264,26.071,0.293
"713","01467087","Frankford Creek at Castor Ave, Philadelphia, PA",76.9707,0,43.00142109,0,12.274,2.066,39.143,0.175
"714","01467150","COOPER RIVER AT HADDONFIELD NJ",46.98304,0.37,26.26351936,0.01,7.977,1.652,21.673,0.812
"740","01473120","Skippack Creek near Collegeville, PA",137.9475,0,76.20946883,0,4.605,1.645,12.133,2.559
"741","01473169","Valley Creek at PA Turnpike Br near Valley Forge",54.0081,0.03,29.7777872,0,4.734,1.616,15.425,1.21
"744","01473900","Wissahickon Creek at Fort Washington, PA",104.6322,0.08,57.82843819,0,6.464,1.932,15.831,1.394
"745","01474000","Wissahickon Creek at Mouth, Philadelphia, PA",164.988,0.08,91.15694242,0,6.797,1.785,15.528,0.993
"747","01475000","MANTUA CREEK AT PITMAN NJ",15.67738,0.26,8.650347156,0.03,7.414,1.34,19.082,2.487
"749","01475510","DARBY CREEK NEAR DARBY, PA.",98.001,0.21,54.72852125,0,7.752,1.758,16.681,0.107
"750","01475530","Cobbs Cr at U.S. Hghwy No. 1 at Philadelphia, PA",14.7015,0.01,8.212607796,0,11.578,2.513,25.813,0.086
"751","01475548","Cobbs Creek at Mt. Moriah Cemetery, Philadelphia",50.8077,0.07,28.38734927,0,12.733,2.25,37.609,0.034
"752","01475550","Cobbs Creek at Darby, PA",56.1204,0.07,31.35714442,0,12.659,2.21,38.206,0.047
"755","01477000","Chester Creek near Chester, PA",156.9942,1.65,87.51980786,0.02,4.976,1.498,10.131,2.426
"757","01477800","SHELLPOT CREEK AT WILMINGTON, DE",18.9459,0.12,10.1928942,0.01,9.161,2.296,20.761,0.751
"758","01478000","CHRISTINA RIVER AT COOCHS BRIDGE, DE",54.01347,0,28.84082179,0,4.605,1.134,13.864,0.983
"862","01537500","Solomon Creek at Wilkes-Barre, PA",44.4393,0.04,25.4192796,0,3.114,1.723,13.144,0.247
"918","01569800","Letort Spring Run near Carlisle, PA",59.5728,0,32.2884576,0,4.63,1.384,16.991,2.744
"941","01581500","BYNUM RUN AT BEL AIR, MD",21.6648,0,8.122179016,0,6.357,1.755,15.548,2.567
"945","01581752","PLUMTREE RUN NEAR BEL AIR, MD",6.4908,0,2.4080868,0,7.245,1.83,25.743,3.882
"958","01583600","BEAVERDAM RUN AT COCKEYSVILLE, MD",53.6463,0.1,19.9027773,0,4.008,1.603,14.492,0.255
"959","0158397967","MINEBANK RUN NEAR GLEN ARM, MD",5.7411,0,2.1299481,0,7.697,1.591,21.281,0.172
"962","01585090","WHITEMARSH RUN NEAR FULLERTON, MD",6.8688,0,2.5483248,0,9.649,3.801,30.293,0.341
"963","01585095","NORTH FORK WHITEMARSH RUN NEAR WHITE MARSH, MD",3.411,0,1.265481,0,8.779,2.537,26.864,0
"964","01585100","WHITEMARSH RUN AT WHITE MARSH, MD",19.7199,0,7.3160829,0,7.998,2.55,27.788,0.607
"965","01585104","HONEYGO RUN NEAR WHITE MARSH, MD",6.0579,0,2.2474809,0,3.755,1.389,13.307,5.75
"966","01585200","WEST BRANCH HERRING RUN AT IDLEWYLDE, MD",6.0435,0.1,2.2421385,0.04,9.553,1.848,24.203,0
"967","01585230","MOORES RUN AT RADECKE AVE AT BALTIMORE, MD",9.144,0,3.392424,0,12.565,1.062,32.441,0.138
"968","01585300","STEMMERS RUN AT ROSSVILLE, MD",11.583,0,4.297293,0,8.286,1.833,23.447,0.567
"969","01585400","BRIEN RUN AT STEMMERS RUN, MD",4.9968,0,1.8538128,0,6.915,1.665,35.232,1.189
"976","01589100","EAST BRANCH HERBERT RUN AT ARBUTUS, MD",6.426,0,2.384046,0,9.897,3.313,38.447,0.07
"977","01589197","GWYNNS FALLS NEAR DELIGHT, MD",10.6209,0,3.9403539,0,8.365,1.515,16.892,1.508
"978","01589290","SCOTTS LEVEL BRANCH AT ROCKDALE, MD",8.7084,0,3.2308164,0,9.731,1.047,21.789,0.165
"979","01589300","GWYNNS FALLS AT VILLA NOVA, MD",84.519,0.09,31.356549,0,7.033,1.553,19.133,2.215
"980","01589305","POWDER MILL RUN NEAR LOCHEARN, MD",9.1872,0,3.4084512,0,10.816,2.401,35.091,0.539
"981","01589312","DEAD RUN NEAR CATONSVILLE, MD",1.9764,0,0.7332444,0,11.449,2.614,37.459,0
"982","01589317","TRIBUTARY TO DEAD RUN TRIBUTARY AT WOODLAWN, MD",1.2366,0,0.4587786,0,4.626,2.028,48.479,4.731
"983","01589330","DEAD RUN AT FRANKLINTOWN, MD",14.2182,0,5.2749522,0,8.92,3.488,39.078,0.696
"984","01589352","GWYNNS FALLS AT WASHINGTON BLVD AT BALTIMORE, MD",159.1209,1.19,59.0338539,0.02,8.626,1.849,26.38,1.295
"986","01589500","SAWMILL CREEK AT GLEN BURNIE, MD",12.5505,0,4.689745335,0,5.111,1.984,21.168,3.327
"994","01593500","LITTLE PATUXENT RIVER AT GUILFORD, MD",98.0064,3.64,36.74188391,0.1,5.945,1.616,13.583,1.326
"996","01594400","DORSEY RUN NEAR JESSUP, MD",30.8412,0.48,11.54759603,0.04,3.933,1.101,28.723,3.773
"998","01594500","WESTERN BRANCH NEAR LARGO, MD",78.8454,2.41,29.66824672,0.08,4.971,1.387,16.965,4.92
"999","01594526","WESTERN BRANCH AT UPPER MARLBORO, MD",233.5851,3.6,87.77422631,0.04,4.337,1.1,15.191,4.542
"1040","01616000","ABRAMS CREEK NEAR WINCHESTER, VA",44.6139,0,18.737838,0,6.253,1.769,23.874,5.723
"1096","01644371","LITTLE SENECA CREEK TRIBUTARY NEAR CLARKSBURG, MD",1.1826,0,0.4777704,0,2.302,0,20.272,45.282
"1097","01644375","LITTLE SENECA CREEK TRIBUTARY NEAR GERMANTOWN, MD",3.2985,0,1.332594,0,6.858,2.228,36.691,5.321
"1099","01644600","GREAT SENECA CREEK NEAR QUINCE ORCHARD, MD",139.1562,5.76,56.22216624,0.1,4.87,1.213,12.347,0.68
"1101","01645200","WATTS BRANCH AT ROCKVILLE, MD",9.6219,0,3.889844551,0,6.975,2.367,34.249,10.485
"1102","01645704","DIFFICULT RUN ABOVE FOX LAKE NEAR FAIRFAX, VA",14.2308,0,5.756367138,0,6.266,2.096,21.558,7.931
"1104","01646000","DIFFICULT RUN NEAR GREAT FALLS, VA",149.8617,5.75,60.56629135,0.09,5.744,1.186,11.514,1.704
"1105","01646305","DEAD RUN AT WHANN AVENUE NEAR MCLEAN, VA",5.3622,0,2.168430246,0,9.466,1.513,18.36,1.46
"1108","01646550","LITTLE FALLS BRANCH NEAR BETHESDA, MD",10.5219,0,4.253358125,0,11.588,2.589,26.092,0
"1109","01647850","TURKEY BRANCH NEAR ROCKVILLE, MD",7.0245,0,2.8730205,0,9.935,2.696,26.013,0.423
"1112","01649190","PAINT BRANCH NEAR COLLEGE PARK, MARYLAND",33.9633,0,13.88545029,0,6.068,0.713,12.893,1.293
"1113","01649500","NORTH EAST BRANCH ANACOSTIA RIVER AT RIVERDALE, MD",188.0622,1.72,76.79585759,0.02,5.503,1.501,19.481,0.838
"1115","01650800","SLIGO CREEK NEAR TAKOMA PARK, MD",16.7013,0.24,6.8308317,0.04,12.304,1.607,26.264,0.086
"1116","01651000","NW BRANCH ANACOSTIA RIVER NEAR HYATTSVILLE, MD",127.8054,0.46,52.22259006,0.01,7.76,1.242,18.641,0.949
"1117","01651800","WATTS BRANCH AT WASHINGTON, DC",8.559,0,3.500631,0,11.924,5.163,31.479,0.368
"1118","01652500","FOURMILE RUN AT ALEXANDRIA, VA",34.5501,0,14.1309909,0,11.773,2.322,34.337,0.089
"1120","01653500","HENSON CREEK AT OXON HILL, MD",44.7705,0,18.26954718,0,7.139,1.222,25.356,0.344
"1122","01654000","ACCOTINK CREEK NEAR ANNANDALE, VA",60.70827,0.03,24.82485005,0,8.726,2.371,22.564,0.858
"1126","01656903","FLATLICK BRANCH ABOVE FROG BRANCH AT CHANTILLY, VA",10.8702,0,4.441650682,0,6.953,1.639,23.916,6.607
"1127","01657000","BULL RUN NEAR MANASSAS, VA",382.3681,2.49,156.3546368,0.02,3.277,0.963,13.815,6.3
"1163","01673500","TOTOPOTOMOY CREEK NEAR ATLEE, VA",15.1074,0.2,6.15236628,0.03,5.004,0.913,13.033,4.605
"1210","02038000","FALLING CREEK NEAR CHESTERFIELD, VA",87.7464,2.88,58.19645728,0.05,5.246,1.03,11.497,4.832
"1302","0208675010","ELLERBE CREEK AT CLUB BOULEVARD AT DURHAM, NC",15.4845,0,5.559197188,0,7.265,2.632,20.53,0.262
"1303","02086849","ELLERBE CREEK NEAR GORMAN, NC",56.67601,0,20.34695963,0,7.446,2.221,20.373,1.01
"1309","0208732885","MARSH CREEK NEAR NEW HOPE, NC",17.8308,0.19,6.4012572,0.03,6.821,1.758,29.555,1.095
"1310","0208735012","ROCKY BRANCH BELOW PULLEN DRIVE AT RALEIGH, NC",3.1266,0,1.1224494,0,9.448,2.037,37.481,1.468
"1334","02093877","BRUSH CREEK AT MUIRFIELD RD AT GREENSBORO, NC",13.7097,0.08,4.938369666,0.02,3.525,1.269,18.654,8.383
"1335","0209399200","HORSEPEN CREEK AT US 220 NR GREENSBORO, NC",41.0679,0.57,14.78745017,0.04,4.943,1.644,22.319,2.31
"1337","02094659","SOUTH BUFFALO CREEK NR POMONA, NC",19.2267,0.06,6.92416146,0.01,7.106,2.209,41.039,2.275
"1338","02094770","SOUTH BUFFALO CREEK AT US 220 AT GREENSBORO, NC",40.4181,0.21,14.55838945,0.01,8.049,2.829,39.567,1.243
"1339","02094775","RYAN CREEK BELOW US 220 AT GREENSBORO, NC",9.8253,0.08,3.549360149,0.02,7.74,2.054,33.882,2.922
"1340","02095000","SOUTH BUFFALO CR NEAR GREENSBORO, NC",88.71751,0.6,31.97641664,0.02,7.73,2.717,35.784,1.513
"1341","02095181","N BUFFALO CR AT WESTOVER TERRACE AT GREENSBORO, NC",24.8454,0.35,8.944344,0.04,9.609,2.815,28.146,0.022
"1342","02095271","NORTH BUFFALO CREEK AT CHURCH ST AT GREENSBORO, NC",37.7325,0.35,13.5837,0.03,10.324,3.098,33.005,0.026
"1343","02095500","NORTH BUFFALO CREEK NEAR GREENSBORO, NC",96.0678,1.83,34.584408,0.05,8.222,2.208,28.342,1.074
"1344","0209553650","BUFFALO CREEK AT SR2819 NR MCLEANSVILLE, NC",229.7493,2.7,82.73318243,0.03,6.919,2.083,27.036,1.239
"1350","0209722970","SANDY CREEK AT CORNWALLIS RD NEAR DURHAM, NC",12.2481,0,4.408459858,0,6.452,2.624,21.829,0.492
"1351","02097280","THIRD FORK CR AT WOODCROFT PARKWAY NR BLANDS, NC",38.4084,0.27,13.825745,0.02,8.24,2.219,18.383,1.19
"1353","0209741955","NORTHEAST CREEK AT SR1100 NR GENLEE, NC",54.6354,1.17,19.66694103,0.06,3.725,1.147,14.418,2.268
"1359","02099000","EAST FORK DEEP RIVER NEAR HIGH POINT, NC",37.6119,0.93,13.75112503,0.07,3.283,0.996,29.956,5.405
"1399","02115860","MUDDY CREEK NEAR MUDDY CREEK, NC",472.5927,15.2,230.4077977,0.07,5.505,1.305,13.42,1.63
"1411","0212414900","MALLARD CR BL STONY CR NR HARRISBURG, NC",92.56409,0.75,35.2950948,0.02,4.837,0.768,19.558,6.654
"1455","02142654","MCDOWELL CREEK NR HUNTERSVILLE, NC",26.244,0,18.27076575,0,4.583,0.826,19.778,11.512
"1456","0214265808","TORRENCE CR AT BRADFORD HILL LANE NR HUNTERSVILLE",18.6282,0,12.76274239,0,5.467,1.912,15.612,10.33
"1457","0214266000","MCDOWELL CREEK NR CHARLOTTE, NC (CSW10)",67.869,0.07,46.96249072,0,4.216,1.011,14.763,10.963
"1460","02142900","LONG CREEK NEAR PAW CREEK, NC",42.6231,0.16,29.50388884,0.01,4.034,0.721,20.525,11.231
"1461","02142914","GUM BRANCH NEAR THRIFT, NC",14.2452,0.02,9.837247934,0,4.365,1.867,17.955,9.123
"1462","0214291555","LONG CREEK NR RHYNE, NC",83.2122,0.18,57.62990722,0,3.968,0.737,17.151,10.559
"1463","0214295600","PAW CR AT WILKINSON BLVD NR CHARLOTTE, NC",27.2295,0.06,18.70672368,0,5.032,0.647,20.316,5.672
"1471","021459367","BIG DUTCHMAN CREEK AT ROCK HILL, SC",43.5285,0,19.00649318,0,4.917,1.044,13.331,3.333
"1473","02146110","MANCHESTER CREEK AT ROCK HILL, SC",15.1866,0,6.454305,0,7.238,1.535,25.325,2.578
"1474","02146211","IRWIN CR AT STATESVILLE AVE AT CHARLOTTE, NC",14.8815,0.04,6.309247053,0.01,5.776,0.875,26.097,2.806
"1477","02146300","IRWIN CREEK NEAR CHARLOTTE, NC",78.13889,2.53,33.50512776,0.08,7.549,2.193,34.336,2.078
"1478","02146315","TAGGART CREEK AT WEST BOULEVARD NR CHARLOTTE, NC",13.5945,0,5.789047894,0,6.642,2.896,35.355,1.999
"1480","02146381","SUGAR CREEK AT NC 51 NEAR PINEVILLE, NC",166.8204,4.07,71.61439624,0.06,5.907,1.725,32.472,2.687
"1481","02146409","LTL SUGAR CR AT MEDICAL CENTER DR AT CHARLOTTE, NC",31.4874,0,13.21240587,0,9.84,2.661,48.18,0.477
"1482","0214642825","BRIAR CREEK NEAR CHARLOTTE, NC",13.3155,0.04,5.600047905,0.01,7.312,2.068,23.866,1.528
"1483","0214645022","BRIAR CR ABOVE COLONY RD AT CHARLOTTE, NC",48.5226,0.17,20.55905959,0.01,8.382,1.626,24.663,0.807
"1484","02146470","LITTLE HOPE CR AT SENECA PLACE AT CHARLOTTE, NC",7.0173,0,2.9823525,0,9.64,1.465,32.204,0.462
"1485","02146500","LITTLE SUGAR CREEK NEAR CHARLOTTE, NC (SITE 55)",106.128,0.2,44.86977222,0,8.954,1.81,32.275,0.632
"1486","02146507","LITTLE SUGAR C AT ARCHDALE DR AT CHARLOTTE, NC",111.1383,0.31,46.99915343,0.01,8.913,1.842,31.999,0.643
"1487","02146530","LITTLE SUGAR CREEK AT PINEVILLE, NC",127.5849,0.46,53.98895387,0.01,8.739,1.675,31.901,0.707
"1488","0214655255","MCALPINE CREEK AT SR3150 NR IDLEWILD, NC",18.891,0.29,7.977149798,0.04,6.896,0.992,18.106,2.377
"1489","02146562","CAMPBELL CREEK NR CHARLOTTE, NC",15.2829,0.13,6.493568192,0.02,7.036,1.159,27.92,1.519
"1491","02146600","MCALPINE CR AT SARDIS ROAD NEAR CHARLOTTE, NC",100.2357,0.57,42.49037431,0.01,6.106,0.862,19.63,3.564
"1492","02146700","MCMULLEN CR AT SHARON VIEW RD NEAR CHARLOTTE, NC",18.3393,0,7.7942025,0,7.836,1.695,20.674,0.216
"1493","02146750","MCALPINE CR BELOW MCMULLEN CR NR PINEVILLE, NC",238.3524,2.77,101.1660781,0.03,6.405,0.899,19.414,2.584
"1494","0214676115","MCALPINE CREEK AT SR2964 NR CAMP COX, SC",245.3535,2.77,104.1415444,0.03,6.333,0.871,19.253,2.673
"1495","0214678175","STEELE CREEK AT SR1441 NR PINEVILLE, NC",18.2502,0,8.250840594,0,4.006,0.724,32.023,4.103
"1496","02146800","SUGAR CREEK NEAR FORT MILL S C",680.2542,9.25,290.7193531,0.03,6.021,1.15,24.085,4.288
"1497","0214685800","SIX MILE CREEK NEAR PINEVILLE, NC",54.3951,0.36,23.1179175,0.02,3.902,0.674,15.031,17.108
"1503","021473428","WILDCAT CREEK BELOW ROCK HILL, SC",76.8087,0.25,32.83996677,0.01,4.297,0.666,10.427,3.646
"1538","02160326","ENOREE RIVER AT PELHAM, SC",218.9853,2.77,100.4565063,0.03,4.525,1.248,10.687,2.569
"1546","02162093","SMITH BRANCH AT NORTH MAIN ST AT COLUMBIA, SC",14.3703,0,6.062657126,0,9.829,3.242,42.242,1.729
"1552","02164000","REEDY RIVER NEAR GREENVILLE, S. C.",125.0712,1.71,49.14328858,0.03,7.398,2.078,18.846,1.649
"1553","02164110","REEDY RIVER ABOVE FORK SHOALS, SC",283.401,3.4,111.1442042,0.03,6.077,1.837,17.924,2.774
"1608","02197020","SPIRIT CREEK AT US 1, NEAR AUGUSTA, GA",45.4734,0.25,22.17990095,0.01,4.436,0.621,10.991,0.493
"1615","02197338","SITE NO. 5 AT SAVANNAH RIVER SITE, SC",0.7695,0,0.3762855,0,6.999,2.988,36.175,0.585
"1616","02197339","SITE NO. 5B AT SAVANNAH RIVER SITE, SC",1.2213,0,0.5972157,0,5.942,1.352,25.754,0.368
"1639","02203603","SOUTH RIVER AT SPRINGDALE ROAD, AT ATLANTA, GA",6.0246,0,2.556768547,0,10.106,4.156,42.153,0
"1640","02203655","SOUTH RIVER AT FORREST PARK ROAD, AT ATLANTA, GA",59.5908,0.37,24.89601128,0.01,8.001,1.763,31.152,1.346
"1641","02203700","INTRENCHMENT CREEK NEAR ATLANTA, GA",27.5913,0,11.62301999,0,9.323,1.512,34.886,2.404
"1642","02204070","SOUTH RIVER AT KLONDIKE ROAD, NEAR LITHONIA, GA",477.3717,4.51,199.2066853,0.02,6.268,1.362,20.283,3.682
"1645","02205000","WILDCAT CREEK NEAR LAWRENCEVILLE, GA",3.33,0,1.38528,0,6.33,0.386,22.324,2.973
"1646","02205522","PEW CREEK AT PATTERSON RD, NEAR LAWRENCEVILLE, GA",19.3401,0,8.0454816,0,6.378,1.379,28.481,7.385
"1647","02206500","YELLOW RIVER NEAR SNELLVILLE, GA",351.193,8.28,146.6130685,0.06,5.652,1.405,24.933,6.056
"1648","02207120","YELLOW RIVER AT GA 124, NEAR LITHONIA, GA",418.3704,8.7,174.4909142,0.05,5.672,1.331,23.33,5.461
"1652","02207385","BIG HAYNES CREEK AT LENORA ROAD, NR SNELLVILLE, GA",44.6526,1.79,18.5754816,0.1,4.253,1.15,15.883,11.745
"1657","02208050","ALCOVY RIVER NEAR LAWRENCEVILLE, GA",25.7706,0.8,10.72806627,0.07,3.548,1.124,22.442,10.198
"1658","02208130","SHOAL CREEK AT PAPER MILL RD, NR LAWRENCEVILLE, GA",13.9023,0.32,5.7833568,0.06,5.225,1.574,28.112,15.433
"1659","02208150","ALCOVY RIVER AT NEW HOPE ROAD, NEAR GRAYSON, GA",79.46941,1.15,33.08873387,0.03,3.304,0.939,18.078,13.286
"1662","02211375","CABIN CREEK AT NORTH SECOND STREET, NR GRIFFIN, GA",11.3499,0.41,4.719122711,0.09,6.616,1.275,13.784,0.571
"1673","02217274","WHEELER CREEK AT BILL CHEEK ROAD, NEAR AUBURN, GA",4.3182,0,1.856826,0,2.741,1.728,13.129,24.531
"1680","02218565","APALACHEE RIVER AT FENCE ROAD, NEAR DACULA, GA",14.832,0.02,6.436702368,0,3.515,0.886,16.343,15.661
"1717","02233200","LITTLE ECONLOCKHATCHEE R NR UNION PARK, FLA.",68.69255,0.17,19.22973749,0.01,5.349,1.008,19.084,4.758
"1718","02233460","LITTLE ECON RIV TRIB AT BANNER DAM AT UNION PK, FL",35.6166,0.5,10.328814,0.05,7.955,1.836,25.776,2.332
"1719","02233475","LT ECONLOCKHATCHEE R AT STATE HWY434 NR OVIEDO, FL",176.5359,3.04,50.88467251,0.06,5.682,1.149,19.249,3.413
"1724","02234308","HOWELL CREEK NEAR ALTAMONTE SPRINGS, FL",59.1129,0,16.89494563,0,9.511,1.463,20.49,1.529
"1725","02234324","HOWELL CREEK NR SLAVIA, FLA.",85.1463,0,24.47424812,0,9.139,1.594,21.669,1.587
"1726","02234344","HOWELL CREEK AT STATE HWY 434 NEAR OVIEDO, FL",147.3957,0,42.52361523,0,8.026,1.632,20.424,2.093
"1727","02234384","SOLDIER CREEK NR LONGWOOD, FLA.",46.3122,0,13.430538,0,6.996,1.446,19.736,0.772
"1728","02234400","GEE CREEK NR LONGWOOD, FLA.",42.6906,0,12.380274,0,7.624,2.603,20.11,0.902
"1731","02234990","LITTLE WEKIVA RIVER NR ALTAMONTE SPRINGS, FL",110.3107,0,31.77054058,0,8.036,2.162,26.721,0.62
"1732","02235000","WEKIVA RIVER NR SANFORD, FLA.",449.0403,0,128.9808988,0,4.794,0.977,13.927,0.929
"1745","02240954","HOGTOWN CREEK NEAR ARREDONDO, FLA",94.73234,0,15.22525853,0,6.971,2.13,11.491,0
"1762","02246459","CEDAR RIVER AT SAN JUAN AVENUE AT JACKSONVILLE, FL",55.9404,0,16.5583584,0,6.657,2.462,22.402,2.1
"1763","02246828","PABLO CREEK AT JACKSONVILLE, FLA.",63.6264,0,18.8334144,0,2.777,0.958,19.067,7.65
"1770","02262900","BOGGY CREEK NR TAFT, FLA.",216.8874,0,45.52846079,0,5.206,1.386,21.648,3.919
"1771","02263800","SHINGLE CREEK AT AIRPORT NR KISSIMMEE, FLA.",274.7514,0,54.94909857,0,5.537,2.031,24.624,2.809
"1773","02264000","CYPRESS CREEK AT VINELAND, FL",74.4606,0,14.5942776,0,3.434,1.262,10.104,2.299
"1774","02264100","BONNET CREEK NR VINELAND, FLA.",112.9824,0,22.1445504,0,3.211,0.749,12.101,3.115
"1803","02293055","ORANGE RIVER NEAR BUCKINGHAM, FL",190.5714,0,38.8765656,0,6.494,2.086,11.98,1.461
"1805","02293190","BILLYS CR AT FT MYERS FL",12.8394,0,2.6192376,0,7.69,2.67,26.27,2.145
"1841","02299861","WALKER CREEK NEAR SARASOTA FL",13.9329,0,5.718847976,0,8.833,2.879,36.033,0.627
"1846","02300042","WARD LAKE NEAR BRADENTON FL",167.1885,0.3,63.94176011,0,2.746,0.933,11.696,4.444
"1860","02301738","ARCHIE CREEK AT 78TH STREET NEAR TAMPA FL",7.5861,0,2.73916623,0,2.558,0.721,16.839,1.708
"1861","02301750","DELANEY CREEK NEAR TAMPA FL",35.84275,0,13.2860006,0,6.567,1.319,27.315,1.381
"1868","02303205","BAKER CREEK AT MCINTOSH ROAD NEAR ANTIOCH FL",57.132,0,8.666090273,0,5.142,1.438,13.678,0.792
"1869","02303300","FLINT CREEK NEAR THONOTOSASSA FL",149.6115,0,25.18266752,0,4.501,1.129,11.452,1.61
"1871","02303350","TROUT CREEK NEAR SULPHUR SPRINGS FL",41.9904,0,5.7946752,0,2.31,0.633,12.145,11.201
"1877","02306500","SWEETWATER CREEK NEAR SULPHUR SPRINGS FL",13.5585,0,5.015963007,0,7.81,2.319,27.06,0.206
"1878","02306647","SWEETWATER CREEK NEAR TAMPA FL",41.8347,0,15.50754179,0,7.933,2.657,31.615,0.977
"1880","02306950","BRUSHY CREEK NEAR CITRUS PARK FL",41.832,0,13.78572305,0,6.382,2.609,20.263,1.863
"1881","02307000","ROCKY CREEK NEAR SULPHUR SPRINGS FL",112.179,2.49,36.74871861,0.07,5.553,2.267,16.692,2.053
"1884","02307668","ALLIGATOR CREEK BELOW BELCHER RD AT CLEARWATER FL",7.7247,0,2.640173458,0,9.187,2.352,45.449,0.827
"1885","02307671","ALLIGATOR CR BELOW US HWY 19 AT CLEARWATER FL",12.1041,0,4.269309736,0,9.2,2.909,43.639,1.093
"1886","02307697","ALLIGATOR CREEK AT SAFETY HARBOR FL",21.1212,0,7.566471361,0,8.661,2.247,36.299,1.261
"1887","02308935","SAINT JOE CREEK AT PINELLAS PARK FL",6.7464,0,0.854979368,0,13.738,3.38,44.247,0
"1888","02309415","CURLEW CREEK AT EVANS ROAD NEAR DUNEDIN FL",1.1286,0,0.0981882,0,8.685,2.113,66.78,0
"1889","02309421","CURLEW CREEK AT BELCHER ROAD NEAR OZONA FL",8.0235,0,0.790384474,0,10.728,2.261,47.466,0.236
"1890","02309848","SOUTH BRANCH ANCLOTE RIVER NEAR ODESSA, FL.",43.62462,0,9.30673247,0,2.989,0.765,10.374,3.075
"1893","02310525","WEEKI WACHEE RIVER NEAR BROOKSVILLE FL",84.5568,0,7.3564416,0,7.738,0.338,23.765,3.63
"1971","02334480","RICHLAND CREEK AT SUWANEE DAM ROAD, NEAR BUFORD,GA",24.3738,0,14.8436442,0,3.875,1.205,12.644,15.963
"1973","02334578","LEVEL CREEK AT SUWANEE DAM ROAD, NEAR SUWANEE, GA",13.1184,0,7.9891056,0,4.823,1.477,14.975,10.497
"1974","02334620","DICK CREEK AT OLD ATLANTA RD, NEAR SUWANEE, GA",17.7822,0,10.8293598,0,3.699,1.516,14.923,12.096
"1975","02334885","SUWANEE CREEK AT SUWANEE, GA",122.0977,0.46,72.86404907,0.01,3.628,0.901,17.792,12.116
"1977","02335350","CROOKED CREEK NEAR NORCROSS, GA",22.9599,0.24,13.90754155,0.02,5.565,1.73,37.09,1.98
"1980","02335700","BIG CREEK NEAR ALPHARETTA, GA",190.593,9.22,115.8875006,0.08,3.758,1.059,14.496,10.125
"1981","02335757","BIG CREEK BELOW HOG WALLOW CREEK AT ROSWELL, GA",267.4602,9.83,162.6413173,0.06,4.378,1.307,17.618,8.121
"1984","023358685","SEWELL MILL CREEK AT GA 120, NEAR MARIETTA, GA",32.9994,0.63,20.08721327,0.03,7.14,1.709,14.988,1.694
"1985","02335870","SOPE CREEK NEAR MARIETTA, GA",79.53696,1.2,48.32209943,0.02,7.177,1.676,20.257,1.767
"1986","02335910","ROTTENWOOD CR AT INTERSTATE N PKWY, NR SMYRNA, GA",48.0966,0.05,29.16299345,0,6.552,1.7,38.436,0.822
"1988","02336030","N.F. PEACHTREE CREEK AT GRAVES RD, NR DORAVILLE,GA",3.7026,0,2.2548834,0,6.007,2.207,55.486,0.826
"1989","02336120","N.F. PEACHTREE CREEK, BUFORD HWY, NEAR ATLANTA, GA",91.2645,0.65,55.24814239,0.01,7.301,1.876,30.715,0.708
"1990","02336240","S.F. PEACHTREE CREEK JOHNSON RD, NEAR ATLANTA, GA",71.5932,0.06,42.72376473,0,7.789,1.642,24.921,0.817
"1991","02336300","PEACHTREE CREEK AT ATLANTA, GA",221.6925,0.71,133.7846621,0.01,8.058,1.93,31.035,0.684
"1992","02336360","NANCY CREEK AT RICKENBACKER DRIVE, AT ATLANTA, GA",68.0589,2.75,41.4478701,0.07,7.078,2.534,27.785,1.153
"1993","02336410","NANCY CREEK AT WEST WESLEY ROAD, AT ATLANTA, GA",96.4998,2.83,58.7683782,0.05,6.699,2.245,23.998,0.982
"1995","02336526","PROCTOR CREEK AT JACKSON PARKWAY, AT ATLANTA, GA",35.1324,0,17.42832992,0,9.263,2.272,34.208,0.453
"1996","02336635","NICKAJACK CREEK AT US 78/278, NEAR MABLETON, GA",80.68707,1.71,40.2420468,0.04,6.603,1.572,19.91,4.281
"1997","02336728","UTOY CREEK AT GREAT SOUTHWEST PKWY NR ATLANTA, GA",90.05563,1.35,44.55031303,0.03,6.071,1.23,18.057,2.136
"1998","02336968","NOSES CREEK AT POWDER SPRINGS RD,POWDER SPRINGS,GA",114.4607,1.38,56.91713974,0.02,4.576,1.022,11.021,4.773
"2025","02344350","FLINT RIVER NEAR LOVEJOY, GA",330.1573,3.6,135.4791566,0.03,4.778,1.095,23.12,6.682
"2027","02344478","SHOAL CREEK AT SHOAL CREEK ROAD, NEAR GRIFFIN, GA",33.2325,0.84,13.62786396,0.06,3.903,1.224,11.022,1.733
"2035","02346310","POTATO CREEK AT COUNTY LINE RD, NR ORCHARD HILL,GA",25.0101,0,10.26820668,0,5.194,1.275,14.801,3.296
"2111","02378170","WOLF CREEK BELOW FOLEY, ALA",13.7232,0,10.16811447,0,5.487,0.892,11.843,1.292
"2149","02392950","NOONDAY CREEK AT HAWKINS STORE RD, NR WOODSTOCK,GA",65.4948,3.31,37.90748641,0.09,5.088,1.498,26.642,7.914
"2150","02392975","NOONDAY CREEK AT SHALLOWFORD ROAD, NR WOODSTOCK,GA",89.5302,4.07,51.87531989,0.08,5.672,1.518,24.157,6.194
"2201","02423397","LITTLE CAHABA RIVER BELOW LEEDS, AL.",43.94812,0,25.43233756,0,4.768,1.682,11.199,5.483
"2209","02423630","SHADES CREEK NEAR GREENWOOD AL",185.9544,0.64,107.0027548,0.01,4.166,1.266,13.497,4.832
"2263","02457000","FIVEMILE CREEK AT KETONA AL",57.19842,0.31,35.23800182,0.01,6.861,2.276,14.305,0.927
"2264","02457595","FIVEMILE CREEK NEAR REPUBLIC, AL",133.1694,0.41,82.09133113,0.01,5.457,1.551,14.549,3.299
"2265","02458300","VILLAGE CREEK AT 24TH ST. AT BIRMINGHAM, AL",66.8169,0.15,41.59613947,0,9.657,2.899,34.298,0.699
"2266","02458450","VILLAGE CREEK AT AVENUE W AT ENSLEY, AL",85.9473,0.18,53.43075485,0,9.259,2.334,36.532,0.79
"2267","02458600","VILLAGE CREEK NEAR DOCENA, ALABAMA",135.1854,0.18,83.81542115,0,8.253,1.879,29.959,0.985
"2268","02461500","VALLEY CREEK NEAR BESSEMER, AL",138.8301,0.1,91.5943663,0,9.734,3.073,33.423,1.292
"2269","02462000","VALLEY CREEK NEAR OAK GROVE AL",384.1299,5.35,254.3274899,0.02,5.135,1.372,15.276,1.464
"2277","02465292","CRIBBS MILL CREEK AT WW PLANT AT TUSCALOOSA, AL.",26.37,0.18,17.21797242,0.01,7.674,2.187,25.89,1.29
"2327","02485700","HANGING MOSS CREEK NR JACKSON, MS",44.8749,0.92,24.91355723,0.04,4.64,1.547,13.147,2.158
"2394","03049658","Plum Creek at Milltown, PA",44.8245,0,22.25574974,0,4.159,1.532,14.585,1.885
"2395","03049676","Squaw Run at Old Freeport Road near Blawnox, PA",22.0626,0.07,10.9651122,0.01,4.805,1.722,10.065,0.143
"2397","03049807","Pine Creek at Grant Avenue at Etna, PA",153.7164,2.72,76.26882058,0.04,4.998,1.467,11.868,1.92
"2446","03084000","Abers Creek near Murrysville, PA",11.2995,0,4.856177075,0,6.109,2.295,24.693,0
"2447","03084698","Turtle Creek at Wilmerding, PA",314.2512,0.98,139.0623153,0.01,4.589,1.731,13.091,1.842
"2448","03084800","Thompson Run at Turtle Creek, PA",40.0662,0,17.09454873,0,6.896,2.413,28.925,1.146
"2450","03085049","Nine Mile Run near Swissvale, PA",15.8355,0,6.75915356,0,14.086,0.729,40.476,1.114
"2451","03085213","Sawmill Run at Duquesne Heights nr Pittsburgh, PA",46.5246,0,18.50553185,0,13.403,3.669,33.481,0.46
"2453","03085956","Montour Run at Scott Station near Imperial, PA",67.0617,2.13,26.2881864,0.08,3.397,1.405,21.024,7.069
"2467","03098500","Mill Creek at Youngstown OH",174.0546,1.33,69.7426687,0.02,3.668,1.49,12.122,1.704
"2469","03098700","Crab Creek at Youngstown OH",32.634,0,13.1888973,0,3.914,1.039,10.789,0.993
"2493","03115973","Schocalog Run at Copley Junction OH",9.0279,0,3.633485997,0,6.169,1.434,31.298,1.446
"2500","03118500","Nimishillen Creek at North Industry OH",453.5037,0.07,178.8776866,0,4.893,1.128,16.325,1.248
"2514","03130500","Touby Run at Mansfield OH",12.078,0,4.456782,0,5.173,2.616,22.444,1.721
"2682","03238140","TAYLOR CREEK AT DONNERMEYER DRIVE AT BELLEVUE, KY",10.6011,0,4.392028309,0,8.894,2.639,26.125,0.238
"2712","03255500","Mill Creek at Reading OH",201.8808,1.98,81.1979113,0.02,5.192,1.723,28.801,2.708
"2715","03260015","PLEASANT RUN CREEK AT OAK STREET NEAR LUDLOW, KY",16.3458,0.02,6.735044972,0,6.443,1.741,18.541,1.778
"2716","03260050","DRY CREEK AT SEWAGE PLANT NEAR ERLANGER, KY",30.5964,0.3,12.67766729,0.02,6.412,1.88,27.63,1.371
"2717","03260100","ELIJAHS CREEK @ ELIJAHS CREEK RD NR HEBRON, KY",9.7173,0.16,3.9549411,0.04,3.584,2.187,30.898,8.873
"2737","03271000","Wolf Creek at Dayton OH",180.054,0.07,63.66421354,0,3.92,1.379,10.335,2.264
"2738","03271300","Holes Creek near Kettering OH",51.9282,0.05,18.48972106,0,6.615,1.981,26.508,2.042
"2756","03277075","GUNPOWDER CR AT CAMP ERNST RD NR UNION, KY",95.5251,0,38.91683977,0,3.813,1.31,18.911,4.461
"2780","03284520","EAST HICKMAN CR AT ANDOVER VILLAGE NR CADENTOWN,KY",4.0563,0,2.1173886,0,5.091,1.731,17.411,11.626
"2788","03287580","N ELKHORN CR AT MAN O WAR BLVD NR CADENTOWN, KY",5.5854,0.16,2.9155788,0.05,1.677,0,11.668,24.202
"2789","03287600","N ELKHORN CR AT BRYAN STATION RD AT MONTROSE, KY",55.5714,0.16,29.0082708,0.01,3.273,0.765,14.864,5.824
"2792","03288200","CANE RUN AT BEREA ROAD NEAR DONERAIL, KY",52.0326,0,27.1610172,0,3.875,0.621,17.962,3.575
"2793","03288500","CAVE CREEK NEAR FORT SPRING, KY",6.0012,0,3.1326264,0,5.535,1.254,23.162,3.584
"2794","03289000","SOUTH ELKHORN CREEK AT FORT SPRING, KY",61.767,0.04,32.242374,0,4.368,0.899,14.45,3.207
"2795","03289193","WOLF RUN AT OLD FRANKFORT PIKE AT LEXINGTON, KY",25.5114,0.07,13.3169508,0.01,8.209,2.414,30.517,1.644
"2796","03289200","TOWN BRANCH AT YARNALLTON ROAD AT YARNALLTON, KY",78.5313,0.07,40.9933386,0,6.069,1.169,27.571,4.382
"2797","03289300","SOUTH ELKHORN CREEK NEAR MIDWAY, KY",267.534,0.2,139.652748,0,3.534,0.767,12.104,2.124
"2806","03292474","GOOSE CREEK AT OLD WESTPORT RD NR ST MATTHEWS, KY",17.1648,0.05,7.477107034,0.01,6.32,0.845,11.719,1.531
"2807","03292475","GOOSE CREEK AT US HWY 42 NEAR GLENVIEW ACRES, KY",27.4752,0.05,11.967502,0,6.574,0.761,12.049,1.382
"2808","03292480","LITTLE GOOSE CREEK NEAR HARRODS CREEK, KY",14.9391,0,6.4985085,0,6.972,1.076,21.048,4.82
"2809","03292500","SOUTH FORK BEARGRASS CREEK AT LOUISVILLE, KY",45.3042,0,19.86788508,0,8.608,2.032,34.203,3.03
"2810","03292550","S FK BEARGRASS CR AT WINTER AVE AT LOUISVILLE, KY",58.9806,0,25.81849814,0,8.704,1.794,32.412,3.058
"2811","03293000","M FK BEARGRASS CR AT OLD CANNONS LN AT LOUISVILLE,",48.7755,0,21.30179728,0,8.613,2.231,25.32,1.871
"2812","03293500","M FK BEARGRASS CR AT LEXINGTON RD AT LOUISVILLE,KY",65.5623,0,28.58757549,0,8.798,2.246,23.552,1.915
"2813","03293510","BEARGRASS CREEK AT RIVER ROAD AT LOUISVILLE, KY",156.0996,0,68.12778161,0,8.948,2.062,27.811,2.213
"2816","03294550","MILL CREEK CUTOFF NEAR LOUISVILLE, KY",78.4512,0,34.17061262,0,8.751,2.147,38.681,1.007
"2817","03294570","MILL CREEK AT ORELL ROAD NEAR LOUISVILLE, KY",36.855,0.31,16.07153675,0.02,6.044,1.444,23.264,4.882
"2826","03298135","CHENOWETH RUN AT RUCKRIEGAL PARKWAY, KY",14.1408,0,6.852691071,0,6.532,2.096,36.009,3.437
"2827","03298150","CHENOWETH RUN AT GELHAUS LANE NEAR FERN CREEK, KY",29.9961,0,14.55836717,0,5.39,1.575,23.285,5.713
"2829","03298250","CEDAR CREEK AT THIXTON ROAD NEAR LOUISVILLE, KY",29.2293,0,14.2054398,0,4.294,1.418,12.067,7.501
"2839","03301900","FERN CREEK AT OLD BARDSTOWN RD AT LOUISVILLE, KY",8.8767,0,4.304529309,0,7.919,1.786,18.698,7.188
"2840","03302000","POND CREEK NEAR LOUISVILLE, KY",166.7052,0.21,80.596763,0,5.003,1.604,26.656,3.048
"2841","03302030","POND CREEK AT PENDLETON ROAD NEAR LOUISVILLE, KY",214.4898,0.27,103.7338307,0,4.721,1.474,22.693,2.598
"2924","03337000","BONEYARD CREEK AT URBANA, IL",10.9719,0,3.415492125,0,13.325,6.866,51.131,0.566
"2925","03337100","BONEYARD CREEK AT LINCOLN AVE AT URBANA, IL",12.1752,0,3.804674514,0,13.072,6.82,52.45,0.51
"2966","03351072","WILLIAMS CREEK AT 96TH STREET, INDIANAPOLIS, IN",42.0759,0.03,15.7784625,0,4.402,1.459,15.366,10.132
"2967","03351310","CROOKED CREEK AT INDIANAPOLIS, IND",46.1358,0.27,17.300925,0.02,7.537,1.92,25.882,1.719
"2973","03353120","PLEASANT RN AT ARLINGTON AVE AT INDPLS, IND.",21.2616,0,7.9731,0,8.371,2.042,43.311,0.271
"2974","03353160","PLEASANT RN AT BROOKVILLE RD AT INDPLS, IND.",29.0079,0,10.8779625,0,9.361,2.356,42.973,0.199
"2975","03353180","BEAN CREEK AT INDIANAPOLIS, IND",8.7003,0,3.2626125,0,7.837,3.716,31.018,0
"2980","03353600","LITTLE EAGLE CREEK AT SPEEDWAY, IND.",63.5409,0,23.8278375,0,7.53,1.811,36.099,0.374
"2982","03353620","LICK CREEK AT INDIANAPOLIS, IND.",38.8503,0,14.57312049,0,6.207,1.923,30.272,2.101
"2983","03353637","LITTLE BUCK CREEK NEAR INDIANAPOLIS, IN",44.55445,0,16.70791875,0,6.59,1.836,24.572,4.132
"3084","03431060","MILL CREEK AT THOMPSON LANE, NEAR WOODBINE, TN",241.9857,0.36,138.0216741,0,3.89,1.482,11.61,5.349
"3085","03431300","BROWNS CREEK AT STATE FAIRGROUNDS AT NASHVILLE, TN",30.9645,0,17.612781,0,7.275,2.838,25.07,0.02
"3088","03431700","RICHLAND CREEK AT CHARLOTTE AVE, AT NASHVILLE, TN",63.9675,0,36.36185202,0,6.627,2.365,12.26,0.324
"3167","03491544","CROCKETT CREEK BELOW ROGERSVILLE, TN",12.3894,0,5.2778844,0,6.262,2.557,14.263,0.937
"3209","03535400","BEAVER CREEK AT SOLWAY, TN",224.6382,0,147.6450968,0,3.918,1.283,13.587,5.899
"3211","03538250","EAST FORK POPLAR CREEK NEAR OAK RIDGE, TN",50.3334,0,33.3207108,0,4.283,1.091,15.987,0.603
"3411","04087030","MENOMONEE RIVER AT MENOMONEE FALLS, WI",87.85307,0.05,23.41905437,0,3.701,1.198,12.251,2.235
"3413","04087070","LITTLE MENOMONEE RIVER AT MILWAUKEE, WI",51.70078,0,13.75240748,0,4.024,1.04,18.222,1.118
"3414","04087088","UNDERWOOD CREEK AT WAUWATOSA, WI",46.6749,0,12.50861182,0,7.671,1.748,28.579,0.605
"3415","04087119","HONEY CREEK AT WAUWATOSA, WI",27.5904,0,7.467747339,0,10.953,3.011,46.303,0.48
"3416","04087120","MENOMONEE RIVER AT WAUWATOSA, WI",320.58,0.05,85.51445854,0,5.873,1.497,24.713,2.015
"3417","04087142","MENOMONEE RIVER AT 16TH STREET AT MILWAUKEE, WI",359.6085,0.05,95.89604352,0,6.605,1.503,28.075,1.835
"3418","040871488","WILSON PARK CR @ ST. LUKES HOSPTL @ MILWAUKEE, WI",28.9269,0,7.74837679,0,7.22,1.633,47.982,0.28
"3419","04087159","KINNICKINNIC RIVER @ S. 11TH STREET @ MILWAUKEE,WI",47.9169,0,12.8036736,0,9.043,2.071,49.703,0.239
"3420","04087170","MILWAUKEE RIVER AT MOUTH AT MILWAUKEE, WI",2260.249,11.66,599.3902337,0.02,3.466,0.941,11.261,0.997
"3421","04087204","OAK CREEK AT SOUTH MILWAUKEE, WI",66.79314,0,20.215919,0,4.932,1.641,27.206,4.351
"3422","04087214","ROOT RIVER AT GRANGE AVENUE AT GREENFIELD, WI",39.4488,0,11.9254038,0,8.332,2.61,32.234,0.381
"3423","04087220","ROOT RIVER NEAR FRANKLIN, WI",128.0809,0,38.98097363,0,6.497,1.799,24.703,2.929
"3424","04087240","ROOT RIVER AT RACINE, WI",491.4198,0.71,150.4379502,0,3.092,0.959,10.174,1.991
"3425","04087257","PIKE RIVER NEAR RACINE, WI",98.0937,0,30.09305776,0,2.436,0.931,15.393,8.319
"3426","04093000","DEEP RIVER AT LAKE GEORGE OUTLET AT HOBART, IND.",320.805,5.48,132.7264922,0.04,3.402,1.019,14.06,3.79
"3428","04094500","SALT CREEK NEAR MCCOOL, IND.",191.8638,1.99,79.00910993,0.03,3.716,1.098,10.831,2.364
"3450","04101370","JUDAY CREEK NEAR SOUTH BEND, IN",91.7118,0,34.2085014,0,4.744,1.469,18.703,1.673
"3463","04106180","PORTAGE CREEK AT PORTAGE, MI",36.3357,0,13.0214504,0,4.519,0.581,15.272,2.261
"3464","04106300","PORTAGE CREEK NEAR KALAMAZOO, MI",50.4315,0,18.06735721,0,4.845,0.792,19.221,1.897
"3467","04106500","PORTAGE CREEK AT KALAMAZOO, MI",131.0553,0.42,46.99129321,0.01,4.511,1.194,15.78,1.765
"3574","04160800","SASHABAW CREEK NEAR DRAYTON PLAINS, MI",54.5733,0,16.917723,0,3.33,0.845,12.045,0.642
"3577","04161100","GALLOWAY CREEK NEAR AUBURN HEIGHTS, MI",45.5265,0,14.113215,0,4.892,1.593,32.438,2.374
"3583","04162900","BIG BEAVER CREEK NEAR WARREN, MI",64.206,0.03,19.87592397,0,7.595,2.787,46.412,0.335
"3584","04163400","PLUM BROOK AT UTICA, MI",47.04358,0,14.5835098,0,7,2.176,29.447,0.578
"3589","04165500","CLINTON RIVER AT MORAVIAN DRIVE AT MT. CLEMENS, MI",1892.565,51.23,583.2179403,0.09,4.565,1.302,19.321,0.944
"3590","04166000","RIVER ROUGE AT BIRMINGHAM, MI",85.7943,1.1,23.44858598,0.05,7.283,2.322,23.597,0.327
"3591","04166100","RIVER ROUGE AT SOUTHFIELD, MI",224.3466,1.54,60.70960334,0.03,7.39,2.291,25.286,0.23
"3592","04166300","UPPER RIVER ROUGE AT FARMINGTON, MI",45.5742,0,12.25044978,0,6.86,2.604,29.212,1.382
"3593","04166500","RIVER ROUGE AT DETROIT, MI",475.9533,1.54,128.3829292,0.01,8.187,2.478,32.88,0.332
"3594","04167000","MIDDLE RIVER ROUGE NEAR GARDEN CITY, MI",229.4964,3.06,61.58290333,0.05,5.864,1.88,29.379,1.357
"3595","04168000","LOWER RIVER ROUGE AT INKSTER, MI",219.177,0,58.72882783,0,5.057,1.611,25.304,2.314
"3596","04168580","ECORSE RIVER AT DEARBORN HEIGHTS, MI",27.5535,0,7.4118915,0,6.486,1.896,34.433,1.532
"3605","04174518","MALLETTS CREEK AT ANN ARBOR, MI",26.2431,0,6.720931391,0,8.023,3.536,37.585,0.624
"3655","04206043","Mud Brook at Cuyahoga Falls OH",66.8286,0.32,34.5503862,0.01,4.679,1.448,18.26,3.768
"3658","04207200","Tinkers Creek at Bedford OH",222.1038,4.12,114.866977,0.04,3.854,1.335,17.984,3.019
"3660","04208460","Mill Creek at Garfield Hts OH",46.7658,0.38,24.18066375,0.02,8.591,2.026,39.21,0.167
"3674","04216200","SCAJAQUADA CREEK AT BUFFALO NY",39.4551,0,22.51617729,0,7.535,2.332,36.148,1.873
"3714","04240100","HARBOR BROOK AT SYRACUSE NY",25.8525,0.7,10.702935,0.06,4.69,1.164,10.323,0.515
"3715","04240120","LEY CREEK AT PARK STREET, SYRACUSE NY",75.8016,0,33.33548946,0,6.225,1.527,33.641,1.859
"3771","04282813","POTASH BR @ QUEEN CITY PARK RD, NR BURLINGTON, VT",17.7066,0,11.1374514,0,5.564,3.418,25.714,2.175
"3785","04292770","STEVENS BROOK AT LEMNAH DRIVE, AT ST ALBANS, VT",3.3246,0,2.297278652,0,5.35,3.489,15.262,0
"3903","05288705","SHINGLE CREEK AT QUEEN AVE IN MINNEAPOLIS, MN",73.03033,0,11.31970115,0,7.068,1.948,34.231,2.184
"3904","05289800","MINNEHAHA CREEK AT HIAWATHA AVE. IN MINNEAPOLIS,MN",413.1522,0.62,63.88308051,0.01,4.74,0.898,12.055,1.14
"3942","05345000","VERMILLION RIVER NEAR EMPIRE, MN",334.3264,0.32,62.86914341,0.01,3.354,0.837,12.505,4.693
"4027","05422600","Duck Creek at DC Golf Course at Davenport, IA",148.0923,0.22,39.76909128,0.01,3.858,1.174,13.813,1.558
"4040","05427948","PHEASANT BRANCH AT MIDDLETON, WI",46.9296,0,11.2611048,0,2.98,0.929,15.268,9.315
"4045","054310157","JACKSON CREEK TRIBUTARY NEAR ELKHORN, WI",11.1402,0,2.695960707,0,4.9,1.645,18.802,4.637
"4058","05435935","BADGER MILL CREEK @ HIGHWAYS 18 & 151 @ MADISON,WI",27.6219,0,7.379102195,0,5.299,1.48,20.622,12.714
"4059","05435943","BADGER MILL CREEK AT VERONA, WI",52.065,0,13.89242585,0,4.557,1.788,17.323,8.669
"4089","05454090","Muddy Creek at Coralville, IA",22.4442,0.37,6.090202248,0.06,3.785,1.494,14.968,12.483
"4153","05484800","Walnut Creek at Des Moines, IA",201.5955,2.97,43.15185949,0.07,3.327,1.264,14.147,7.414
"4226","05527905","HASTINGS CREEK NEAR LINDENHURST, IL",13.8897,0.21,5.123764488,0.04,3.882,0.412,10.614,7.633
"4228","05527950","MILL CREEK AT OLD MILL CREEK, IL",155.9574,1.77,58.81038146,0.03,3.302,1.006,11.389,3.382
"4231","05529000","DES PLAINES RIVER NEAR DES PLAINES, IL",943.0974,9.12,354.8413398,0.03,3.693,1.037,15.268,2.992
"4232","05529500","MC DONALD CREEK NEAR MOUNT PROSPECT, IL",21.9222,0,8.330436,0,9.492,2.981,38.717,0
"4233","05530000","WELLER CREEK AT DES PLAINES, IL",32.9283,0,12.512754,0,11.427,1.938,38.971,0
"4234","05530990","SALT CREEK AT ROLLING MEADOWS, IL",70.95151,0.16,26.14096283,0.01,8.365,2.431,34.427,0.558
"4235","05531000","SALT CREEK NEAR ARLINGTON HEIGHTS, IL",76.113,1.12,28.10232769,0.04,8.264,2.485,35.094,0.52
"4238","05532000","ADDISON CREEK AT BELLWOOD, IL",47.12884,0,17.9089592,0,9.295,3.012,54.44,0.132
"4239","05532500","DES PLAINES RIVER AT RIVERSIDE, IL",1634.157,36.7,616.7656593,0.06,5.715,1.364,27.511,1.86
"4240","05533000","FLAG CREEK NEAR WILLOW SPRINGS, IL",42.70919,0,16.2294922,0,9.948,2.645,35.35,0.12
"4241","05533400","SAWMILL CREEK NEAR LEMONT, IL",33.48982,0,12.7261316,0,7.461,3.023,31.129,0.242
"4242","05534500","NORTH BRANCH CHICAGO RIVER AT DEERFIELD, IL",51.6546,0,18.10656959,0,4.784,1.139,21.83,2.692
"4243","05535000","SKOKIE RIVER AT LAKE FOREST, IL",30.1419,0,10.44484353,0,5.766,1.213,29.512,2.069
"4244","05535070","SKOKIE RIVER NEAR HIGHLAND PARK, IL",51.6663,0,17.95264426,0,6.349,1.031,28.113,1.467
"4245","05535500","WF OF NB CHICAGO RIVER AT NORTHBROOK IL",29.9682,0,10.6155276,0,6.576,1.425,32.395,0.778
"4246","05536000","NORTH BRANCH CHICAGO RIVER AT NILES, IL",254.6775,0,89.25842789,0,6.963,1.079,30.856,1.167
"4247","05536105","NB CHICAGO RIVER AT ALBANY AVENUE AT CHICAGO, IL",289.8513,0,101.6568218,0,7.543,1.134,33.17,1.025
"4248","05536118","NB CHICAGO RIVER AT GRAND AVENUE AT CHICAGO, IL",457.4601,0,160.4426478,0,9.598,1.252,43.466,0.65
"4250","05536215","THORN CREEK AT GLENWOOD, IL",64.9755,0.46,22.85180538,0.02,6.753,1.479,30.23,1.977
"4251","05536235","DEER CREEK NEAR CHICAGO HEIGHTS, IL",59.4018,0.74,20.79083791,0.04,3.932,1.407,15.376,3.521
"4252","05536255","BUTTERFIELD CREEK AT FLOSSMOOR, IL",60.3423,0.73,21.22604969,0.03,5.975,1.171,29.188,8.094
"4253","05536270","NORTH CREEK NEAR LANSING, IL",45.6615,0.16,15.981525,0.01,4.944,1.27,24.287,7.853
"4254","05536275","THORN CREEK AT THORNTON, IL",268.2657,2.09,94.10886841,0.02,5.394,1.174,24.58,4.935
"4255","05536290","LITTLE CALUMET RIVER AT SOUTH HOLLAND, IL",558.3186,12.1,197.2895263,0.06,5.732,1.272,24.293,3.647
"4256","05536340","MIDLOTHIAN CREEK AT OAK FOREST, IL",32.9751,0,11.69199769,0,8.666,3.742,38.729,1.908
"4257","05536500","TINLEY CREEK NEAR PALOS PARK, IL",29.12728,0,10.36593,0,6.948,2.311,30.686,0.695
"4258","05536995","CHICAGO SANITARY AND SHIP CA AT ROMEOVILLE, IL",1913.583,28.41,677.0143753,0.04,8.58,1.569,40.807,1.442
"4259","05537500","LONG RUN NEAR LEMONT, IL",54.621,1.06,20.75598,0.05,4.983,1.656,18.992,3.973
"4260","05537980","DES PLAINES RIVER AT ROUTE 53 AT JOLIET, IL",2925.773,72.05,1084.512955,0.07,6.831,1.421,33.294,1.708
"4261","05539000","HICKORY CREEK AT JOLIET, IL",278.9082,0.24,105.5774917,0,4.413,1.265,21.939,8.795
"4262","05539900","W BRANCH DU PAGE RIVER NR WEST CHICAGO, IL",71.9064,0.18,26.3404073,0.01,7.188,1.977,34.473,0.811
"4263","05540060","KRESS CREEK AT WEST CHICAGO, IL",48.6288,0,17.19994821,0,3.352,1.558,27.691,4.995
"4264","05540091","SPRING BK AT FOREST PRESERVE NR WARRENVILLE, IL",20.5191,0,7.797258,0,7.143,1.428,23.884,0.548
"4265","05540095","WEST BR DU PAGE RIVER NEAR WARRENVILLE, IL",237.0537,0.18,87.75694786,0,6.254,1.729,31.839,1.691
"4266","05540130","WEST BRANCH DU PAGE RIVER NEAR NAPERVILLE, IL",319.4865,5.94,117.9985369,0.05,6.523,1.988,32.382,1.63
"4267","05540160","EAST BRANCH DU PAGE RIVER NEAR DOWNERS GROVE, IL",70.61671,0,26.8343498,0,8.124,2.019,38.165,0.7
"4268","05540195","ST. JOSEPH CREEK AT ROUTE 34 AT LISLE, IL",29.115,0,11.0637,0,8.862,3.283,36.576,0.059
"4269","05540250","EAST BRANCH DU PAGE RIVER AT BOLINGBROOK, IL",194.9094,0,74.065572,0,7.815,2.556,34.124,0.573
"4270","05540275","SPRING BROOK AT 87TH STREET NEAR NAPERVILLE, IL",24.6519,0,9.177655851,0,5.246,1.983,32.413,3.487
"4271","05540500","DU PAGE RIVER AT SHOREWOOD, IL",838.863,6.13,314.4424268,0.02,6.064,1.777,30.706,5.885
"4282","05550500","POPLAR CREEK AT ELGIN, IL",94.13141,2.37,26.5937518,0.09,5.529,1.248,26.459,3.922
"4283","05551200","FERSON CREEK NEAR ST. CHARLES, IL",133.9793,0.42,38.32753874,0.01,3.226,0.88,12.263,7.655
"4284","05551330","MILL CREEK NEAR BATAVIA, IL",72.4698,0,20.653893,0,3.535,1.033,16.764,6.262
"4286","05551675","BLACKBERRY CREEK NEAR MONTGOMERY, IL",147.4659,0,42.0277815,0,2.734,0.717,10.491,6.411
"4287","05551700","BLACKBERRY CREEK NEAR YORKVILLE, IL",182.2446,0,51.939711,0,2.502,0.65,10.373,9.813
"4323","05579725","LITTLE KICKAPOO CREEK NEAR HEYWORTH, IL",64.4535,0,19.0137825,0,3.023,1.13,12.344,0.919
"4326","05580950","SUGAR CREEK NEAR BLOOMINGTON, IL",88.1388,0.58,25.9802422,0.02,7.47,2.53,38.011,3.184
"4341","05588720","JUDYS BRANCH AT RTE 157 AT GLEN CARBON, IL",21.9159,0.09,5.3474796,0.02,5.294,1.519,16.856,3.569
"4913","06710150","BIG DRY CREEK BELOW C-470 AT HIGHLANDS RANCH, CO",28.9953,0,3.029283968,0,4.582,1.879,21.175,14.142
"5173","06892513","MILL C AT JOHNSON DRIVE, SHAWNEE, KS",150.5421,3.15,35.55059219,0.09,5.279,1.755,21.826,5.95
"5177","06893300","INDIAN C AT OVERLAND PARK, KS",68.71951,0.15,24.14015369,0.01,9.307,2.639,37.7,2.767
"5178","06893390","INDIAN C AT STATE LINE RD, LEAWOOD, KS",167.4594,0.96,58.89659296,0.02,8.419,2.537,33.922,5.786
"5179","06893400","Indian Creek at 103rd St in Kansas City, MO",168.3207,0.96,59.19977042,0.02,8.417,2.547,33.967,5.757
"5180","06893500","Blue River at Kansas City, MO",477.0423,13.88,167.4415134,0.08,5.283,1.55,18.993,4.859
"5181","06893557","Brush Creek at Ward Parkway in Kansas City, MO",33.9336,0,11.9446272,0,11.717,2.914,27.595,0.016
"5182","06893560","Brush Creek at Kansas City, MO",40.644,0,14.306688,0,12.23,3.229,32.724,0.013
"5183","06893562","Brush Creek at Rockhill Road in Kansas City, MO",46.8063,0,16.4758176,0,12.42,3.286,33.108,0.012
"5184","06893578","Blue River at Stadium Drive in Kansas City, MO",659.8953,14.23,231.7819551,0.06,6.523,1.771,22.142,3.753
"5185","06893620","Rock Creek at Kentucky Road in Independence, MO",24.4224,0.11,8.5966848,0.01,9.812,2.963,29.527,0.243
"5189","06893970","Spring Branch Creek at Holke Rd in Independence, M",21.8032,0,7.6747264,0,6.353,1.829,20.402,1.754
"5237","06914990","L BULL C NR SPRING HILL, KS",20.3814,0.28,5.141746219,0.05,2.973,1.361,10.533,2.318
"5253","06918493","South Fork Dry Sac River near Springfield, MO",39.7692,0.24,13.11137233,0.02,2.984,1.403,14.4,0.511
"5289","06935850","Creve Coeur Creek at Chesterfield, MO",14.409,0.16,4.511952129,0.04,7.683,1.239,29.077,0.456
"5290","06935890","Creve Coeur Creek near Creve Coeur, MO",57.2211,0.79,17.77251317,0.04,6.901,1.669,26.644,0.434
"5291","06935955","Fee Fee Creek near Bridgeton, MO",30.222,0,9.436199949,0,7.932,2.345,40.237,0.277
"5292","06935980","Cowmire Creek at Bridgeton, MO",9.6822,0,3.0305286,0,8.007,1.863,43.281,2.398
"5293","06935997","Mill Creek near Florissant, MO",5.5152,0,1.7262576,0,4.621,1.786,16.878,1.648
"5294","06936475","Coldwater Creek near Black Jack, MO",105.8697,0,32.9211678,0,8.904,2.166,41.014,0.768
"5295","07001910","Watkins Creek near Bellefontaine Neighbors, MO",2.9988,0,0.752634926,0,9.414,4.004,30.753,0.27
"5296","07001985","Watkins Creek at Bellefontaine Neighbors, MO",13.6296,0,3.394243347,0,8.226,2.764,30.942,1.71
"5297","07005000","Maline Creek at Bellefontaine Neighbors, MO",61.3296,0,15.08259841,0,9.274,2.722,33.52,1.033
"5299","07010030","River Des Peres Trib. at Pagedale, MO",5.1138,0,1.2477672,0,7.553,1.671,27.591,0
"5300","07010035","Engelholm Creek near Wellston, MO",3.7287,0,0.9098028,0,5.005,3.158,27.285,0
"5301","07010055","Deer Creek at Litzinger Road at Ladue, MO",31.626,0,7.757358109,0,6.647,1.845,27.488,0.02
"5302","07010061","Two Mile Creek at Ladue, MO",16.5816,0.12,4.123623385,0.03,7.474,2.532,25.622,0
"5303","07010070","Sebago Creek near Rock Hill, MO",4.8843,0,1.1917692,0,10.322,3.724,30.987,0
"5304","07010075","Deer Creek at Ladue, MO",55.8441,0.12,13.73881016,0.01,7.183,2.188,27.014,0.011
"5305","07010082","Black Creek near Brentwood, MO",14.8635,0,3.626694,0,10.359,3.326,38.108,0
"5306","07010086","Deer Creek at Maplewood, MO",94.0257,0.12,23.05512045,0.01,8.754,2.571,31.545,0.016
"5307","07010090","MacKenzie Creek near Shrewsbury, MO",9.4149,0,2.2972356,0,10.047,2.899,35.631,0
"5308","07010094","Grammond Creek near Wilbur Park, MO",1.5579,0,0.3801276,0,11.004,7.742,36.426,0
"5309","07010097","River des Peres at St. Louis, MO",212.6259,0.69,52.16455391,0.01,9.741,2.565,38.857,0.012
"5310","07010180","Gravois Creek near Mehlville, MO",47.205,0,11.69911254,0,9.152,2.319,37.406,0.08
"5311","07010208","Martigney Creek near Arnold, MO",6.8175,0,1.777230214,0,10.957,3.496,40.238,0.462
"5327","07019072","Kiefer Creek near Ballwin, MO",10.026,0,3.236426888,0,5.399,2.838,18.716,1.903
"5329","07019120","Fishpot Creek at Valley Park, MO",24.921,0,8.04653983,0,8.94,2.1,31.769,0.368
"5330","07019150","Grand Glaize Creek near Manchester, MO",13.1553,0,4.24542711,0,9.324,3.427,33.244,0
"5331","07019175","Sugar Creek at Kirkwood, MO",13.3101,0,4.225786381,0,8.529,2.337,25.604,0.527
"5332","07019185","Grand Glaize Creek near Valley Park, MO",56.5434,0.09,18.16611654,0,7.536,2.186,26.22,0.586
"5333","07019195","Yarnell Creek at Fenton, MO",6.4791,0.11,2.0927493,0.05,6.512,2.226,31.954,2.348
"5334","07019220","Fenton Creek near Fenton, MO",11.1465,0,3.6003195,0,8.132,4.29,29.792,0.824
"5335","07019317","Mattese Creek near Mattese, MO",20.5767,0,6.535997392,0,8.672,2.538,39.025,0.503
"5362","07031692","FLETCHER CREEK AT SYCAMORE VIEW ROAD AT MEMPHIS",78.95168,1.25,40.02722274,0.03,6.64,2.244,32.351,3.681
"5364","07032200","NONCONNAH CREEK NEAR GERMANTOWN, TN",175.8816,0.59,92.02501699,0.01,2.828,1.107,11.234,5.023
"5384","07048480","Town Branch at B.R. 62 at Fayetteville, AR",2.232,0,0.952246865,0,8.69,4.306,33.63,0.282
"5385","07048490","Town Branch Trib at Hwy 16 at Fayetteville, AR",3.3948,0,1.506546041,0,12.393,5.02,36.46,0
"5395","07052000","Wilson Creek at Springfield, MO",50.1354,0,18.8943427,0,9.272,2.805,46.752,0.178
"5396","07052100","Wilson Creek near Springfield, MO",91.1466,0,34.22419022,0,7.663,2.618,36.491,0.778
"5397","07052120","South Creek near Springfield, MO",27.3582,0,10.3140414,0,8.178,1.503,39.365,1.194
"5398","07052152","Wilson Creek near Brookline, MO",130.5135,0,49.06409667,0,7.396,2.233,34.6,0.843
"5497","07103990","COTTONWOOD CREEK AT MOUTH, AT PIKEVIEW, CO.",51.3594,0,2.56797,0,5.947,1.824,18.797,9.426
"5499","07104500","TEMPLETON GAP FLOODWAY AT COLORADO SPRINGS, CO.",22.9572,0,1.14786,0,9.285,2.359,32.418,2.987
"5505","07105600","SAND CREEK ABOVE MOUTH AT COLORADO SPRINGS, CO",134.5068,0,6.659057739,0,3.997,1.136,14.693,8.026
"5592","07164600","Joe Creek at 61st St at Tulsa, OK",30.1248,0,11.96680568,0,10.702,2.38,37.357,0.176
"5594","07165562","Haikey Creek at 101st St South at Tulsa, OK",46.422,0,18.56949633,0,7.291,0.778,32.92,4.446
"5595","07165565","Little Haikey Creek at 101st St South at Tulsa, OK",14.202,0.15,5.730906076,0.03,9.129,3.364,33.127,0.97
"5622","07177800","Coal Creek at Tulsa, OK",21.5649,0,6.548494576,0,11.895,3.167,42.682,0.05
"5666","07195000","OSAGE CREEK NEAR ELM SPRINGS, ARK.",335.583,0.18,127.3361975,0,3.438,1.218,10.36,7.163
"5771","07263580","Rock Creek at 36th Street at Little Rock, AR",49.878,1.23,23.542416,0.05,6.972,2.525,28.9,5.042
"6092","08053009","Indian Ck at FM 2281, Carrollton, TX",35.4591,0.55,6.344966252,0.09,4.09,0.479,27.22,5.566
"6096","08056500","Turtle Ck at Dallas, TX",16.2414,0.18,6.954866322,0.03,12.262,2.54,32.63,0.017
"6098","08057200","White Rock Ck at Greenville Ave, Dallas, TX",172.998,0.78,73.02819933,0.01,8.38,1.666,46.666,2.208
"6100","08057445","Prairie Ck at US Hwy 175, Dallas, TX",23.2362,0.56,9.933772923,0.06,7.486,1.519,30.963,2.491
"6108","08061540","Rowlett Ck nr Sachse, TX",310.6431,0.33,66.73440099,0,6.454,1.208,33.737,6.574
"6110","08061700","Duck Ck nr Garland, TX",82.0629,0,18.52159653,0,8.821,1.433,46.681,0.512
"6143","08068325","Willow Ck nr Tomball, TX",105.2415,0,25.25796,0,2.656,0.605,10.519,6.585
"6153","08069000","Cypress Ck nr Westfield, TX",726.4197,6.58,176.3542908,0.04,2.492,0.546,11.489,7.532
"6161","08072760","Langham Ck at W Little York Rd nr Addicks, TX",49.0041,1.56,21.6598122,0.07,3.091,0.482,27.859,32.23
"6166","08074020","Whiteoak Bayou at Alabonson Rd, Houston, TX",104.2263,0,45.57298094,0,6.429,2.336,40.688,5.629
"6167","08074150","Cole Ck at Deihl Rd, Houston, TX",22.5693,0,9.9756306,0,6.104,1.598,51.08,2.54
"6168","08074500","Whiteoak Bayou at Houston, TX",246.2607,0,108.4879843,0,7.203,2.29,45.693,3.91
"6169","08074760","Brays Bayou at Alief, TX",42.1884,0,18.6472728,0,7.424,2.041,47.291,5.692
"6170","08074810","Brays Bayou at Gessner Dr, Houston, TX",133.0659,0,58.70529521,0,7.562,1.898,50.491,6.513
"6171","08075000","Brays Bayou at Houston, TX",261.5814,0,115.4588125,0,8.495,2.512,53.655,3.805
"6172","08075400","Sims Bayou at Hiram Clarke St, Houston, TX",50.445,0,22.36079551,0,7.045,1.657,32.026,3.918
"6173","08075500","Sims Bayou at Houston, TX",162.0945,0,71.82468891,0,6.329,1.396,29.82,3.479
"6174","08075605","Berry Bayou at Nevada St, Houston, TX",12.8547,0,5.682420135,0,9.718,3.269,55.018,5.363
"6175","08075730","Vince Bayou at Pasadena, TX",23.9301,0,10.59594437,0,7.4,1.385,46.431,1.88
"6176","08075763","Hunting Bayou at Hoffman St, Houston, TX",23.301,0,10.299042,0,12.033,4.321,55.565,0.135
"6177","08075770","Hunting Bayou at IH 610, Houston, TX",47.6199,0,21.0479958,0,9.982,3.214,52.574,0.457
"6178","08075900","Greens Bayou nr US Hwy 75 nr Houston, TX",83.3409,0,35.92912874,0,5.813,2.119,38.253,10.344
"6179","08076000","Greens Bayou nr Houston, TX",154.3689,0,67.36169447,0,5.215,1.898,37.552,9.135
"6180","08076180","Garners Bayou nr Humble, TX",72.9882,0,27.64406908,0,2.768,0.909,23.278,13.126
"6181","08076500","Halls Bayou at Houston, TX",74.6469,0,32.9939298,0,6.791,2.024,38.016,3.056
"6182","08076997","Clear Ck at Mykawa St nr Pearland, TX",84.6765,0,38.35534687,0,2.828,1.34,16.387,16.093
"6183","08077000","Clear Ck nr Pearland, TX",88.2981,0,39.99593121,0,2.878,1.348,16.565,15.543
"6201","08083420","Cat Claw Ck at Abilene, TX",32.121,0,0.353331,0,7.871,2.08,24.076,1.678
"6259","08116400","Dry Ck nr Rosenberg, TX",24.6339,0,5.4933597,0,5.06,1.58,17.581,1.297
"6310","08155541","W Bouldin Ck at Oltorf Rd, Austin, TX",4.5882,0,0.5184666,0,7.868,1.242,31.425,0.883
"6311","08156675","Shoal Ck at Silverway Dr, Austin, TX",14.4657,0.07,1.6346241,0.05,10.056,4.99,42.615,0.616
"6312","08156800","Shoal Ck at W 12th St, Austin, TX",32.9562,0.2,3.7240506,0.05,11.155,3.472,36.509,0.295
"6313","08156910","Waller Ck at Koenig Lane, Austin, TX",2.8179,0,0.3184227,0,10.01,4.469,48.229,0
"6314","08157000","Waller Ck at 38th St, Austin, TX",5.8986,0,0.6665418,0,11.218,4.95,35.762,0
"6315","08157500","Waller Ck at 23rd St, Austin, TX",10.6146,0,1.1994498,0,11.424,5.241,37.726,0.822
"6316","08158030","Boggy Ck at Manor Rd, Austin, TX",4.3182,0,0.4879566,0,12.351,5.095,35.019,1.021
"6317","08158035","Boggy Ck at Webberville Rd, Austin, TX",8.9091,0,1.0067283,0,12.983,3.637,33.089,0.606
"6318","08158045","Ft Br Boggy Ck at Manor Rd, Austin, TX",3.8016,0,0.4295808,0,11.596,2.612,37.927,0.497
"6319","08158200","Walnut Ck at Dessau Rd, Austin, TX",68.5872,0.49,7.769379689,0.06,6.473,1.829,31.581,4.507
"6320","08158380","Little Walnut Ck at Georgian Dr, Austin, TX",13.5378,0.15,1.5297714,0.1,9.502,3.098,53.069,0.12
"6321","08158600","Walnut Ck at Webberville Rd, Austin, TX",134.586,0.69,15.22208036,0.05,6.159,1.518,29.948,4.123
"6331","08158970","Williamson Ck at Jimmy Clay Rd, Austin, TX",71.2494,0.74,8.0511822,0.09,7.258,1.652,24.721,3.873
"6374","08177700","Olmos Ck at Dresden Dr, San Antonio, TX",56.682,0,8.038159443,0,6.845,2.201,28.755,3.242
"6387","08181480","Leon Ck at IH 35 at San Antonio, TX",542.4213,0.88,45.02926152,0.02,3.98,1.099,13.779,5.196
"6526","08329840","HAHN ARROYO IN ALBUQUERQUE, NM",10.9881,0,0.1318572,0,12.221,1.689,44.442,0.205
"7068","09483000","TUCSON ARROYO AT VINE AVE, AT TUCSON, AZ.",19.8936,0,0.220942499,0,10.55,4.573,39.229,0.579
"7228","10168000","LITTLE COTTONWOOD CREEK @ JORDAN RIVER NR SLC",116.9108,0.89,38.30580024,0.02,3.515,1.361,12.752,0.183
"7364","10311300","EAGLE VALLEY CREEK AT CARSON CITY, NV",75.2382,0,22.90122903,0,3.976,0.545,12.675,0.164
"7482","11023330","LOS PENASQUITOS C BL POWAY C NR POWAY CA",81.13409,0,3.16422951,0,3.914,2.066,17.772,1.72
"7483","11023340","LOS PENASQUITOS C NR POWAY CA",109.6047,0,4.2745833,0,4.436,2.169,20.546,1.335
"7505","11045300","FALLBROOK C NR FALLBROOK CA",18.2817,0,0.507851183,0,3.329,0.694,11.081,0.226
"7514","11047000","ARROYO TRABUCO NR SAN JUAN CAPISTRANO CA",91.98631,0,7.718390979,0,4.241,1.971,12.726,0.191
"7516","11047500","ALISO C A EL TORO CA",22.941,0,1.834858803,0,7.23,4.881,21.2,0.451
"7533","11060400","WARM C NR SAN BERNARDINO CA",30.91147,0,0.71096381,0,10.775,2.399,45.352,0.344
"7587","11101500","RIO HONDO NR MONTEBELLO CA",299.7756,3.28,36.65347268,0.09,7.305,1.521,31.881,0.216
"7588","11102000","MISSION C NR MONTEBELLO CA",16.4178,0,2.218382987,0,9.736,1.032,57.05,0.11
"7589","11102300","RIO HONDO BL WHITTIER NARROWS DAM CA",326.5812,3.28,40.18189769,0.08,7.384,1.496,33.172,0.205
"7590","11102500","RIO HONDO NR DOWNEY CA",344.6073,3.28,42.37394743,0.08,7.386,1.447,34.803,0.197
"7627","11120000","ATASCADERO C NR GOLETA CA",49.3047,0,6.295199444,0,3.999,1.348,10.408,0.062
"7691","11153650","LLAGAS C NR GILROY",221.0256,0.03,13.69443011,0,3.139,1.31,11.731,0.639
"7708","11161300","CARBONERA C A SCOTTS VALLEY CA",9.4554,0,3.876714,0,5.626,1.024,11.854,0.638
"7713","11162720","COLMA C A SOUTH SAN FRANCISCO CA",28.4697,0,2.706095661,0,8.797,1.302,37.658,0.411
"7715","11162800","REDWOOD C A REDWOOD CITY CA",4.5738,0,0.3796254,0,5.59,2.109,14.932,0.197
"7717","11166000","MATADERO C A PALO ALTO CA",16.5105,0,2.245428,0,4.497,2.639,13.542,0
"7747","11181040","SAN LORENZO C A SAN LORENZO CA",121.3956,1.07,10.3458611,0.1,3.258,1.246,12.14,0.004
"7751","11183000","SAN RAMON C AT WALNUT CREEK CA",133.0317,0.06,31.56427182,0,4.582,2.279,12.362,0.225
"7752","11183600","WALNUT C A CONCORD CA",217.8819,5.37,51.82798153,0.1,5.024,2.311,13.201,0.14
"7916","11335655","DEER C NR CAMERON PARK CA",44.8875,0.87,15.78156521,0.06,5.16,1.678,12.006,2.26
"7918","11336580","MORRISON C NR SACRAMENTO CA",106.0317,0,31.07862289,0,3.36,1.265,18.698,4.332
"8080","11447293","DRY C A VERNON ST BRIDGE A ROSEVILLE CA",204.3225,0.38,48.91991456,0.01,5.091,1.783,14.225,1.864
"8081","11447360","ARCADE C NR DEL PASO HEIGHTS CA",81.52355,0,18.4243223,0,10.508,3.412,42.545,0.588
"8119","11465660","COPELAND C A ROHNERT PARK CA",14.229,0,8.232509525,0,3.179,0.562,10.991,0.74
"8120","11465680","LAGUNA DE SANTA ROSA A STONY PT RD NR COTATI CA",107.3151,0,63.03532294,0,3.819,1.25,13.882,0.613
"8121","11465690","COLGAN C NR SANTA ROSA CA",8.7327,0,5.1697584,0,4.814,1.723,27.924,6.823
"8122","11465700","COLGAN C NR SEBASTOPOL CA",17.9136,0,10.6048512,0,4.026,1.559,18.994,3.688
"8123","11465750","LAGUNA DE SANTA ROSA C NR SEBASTOPOL CA",209.2266,2.59,123.4135654,0.02,3.789,1.127,12.375,0.813
"8124","11466065","BRUSH C A SANTA ROSA CA",26.9235,0.17,15.938712,0.01,4.515,2.022,12.575,1.04
"8127","11466320","SANTA ROSA C A WILLOWSIDE RD NR SANTA ROSA CA",199.3878,8.65,116.8990134,0.07,4.331,1.384,12.956,0.636
"8128","11466800","MARK WEST C NR MIRABEL HEIGHTS CA",652.1787,15.77,384.3741039,0.04,3.457,1.156,10.111,0.681
"8248","12081000","WOODLAND CREEK NEAR OLYMPIA, WA",63.9918,0,88.99358824,0,5.183,0.637,23.279,3.655
"8255","12090400","NORTH FORK CLOVER CREEK NEAR PARKLAND, WA",14.5764,0.29,19.80231635,0.01,6.506,2.364,25.577,0.321
"8256","12090500","CLOVER CREEK NEAR TILLICUM, WA",164.0682,0.29,226.3056669,0,5.428,1.833,22.495,2.369
"8257","12091100","FLETT CREEK AT TACOMA, WA",34.6986,0,48.4739442,0,10.426,1.256,51.72,0.612
"8258","12091200","LEACH CREEK NEAR FIRCREST, WA",12.2202,0.14,17.0716194,0.01,9.878,3.592,46.067,0.272
"8259","12091290","LEACH CR AT MEADOW PARK GC AT UNIVERSITY PLACE, WA",17.2728,0.14,24.1301016,0.01,9.165,1.587,42.374,1.053
"8260","12091300","LEACH CREEK NEAR STEILACOOM, WA",12.64907,0.14,17.67075079,0.01,8.725,1.535,37.603,1.373
"8261","12091500","CHAMBERS CREEK BL LEACH CREEK NEAR STEILACOOM, WA",258.0885,9.02,357.6577529,0.03,6.947,1.658,31.012,1.725
"8277","12102190","SWAN CREEK AT 80TH ST EAST NEAR TACOMA, WA",5.5512,0,6.697123114,0,4.994,2.031,22.243,0.032
"8287","12113347","MILL CREEK AT EARTHWORKS PARK AT KENT, WA",7.2477,0.15,8.4580659,0.02,8.078,3.837,35.251,0.298
"8288","12113349","MILL CREEK NEAR MOUTH AT ORILLIA, WA",13.6269,0.11,15.9025923,0.01,8.475,2.862,48.736,1.407
"8302","12120000","MERCER CREEK NEAR BELLEVUE, WA",37.3257,0.17,46.1345652,0,8.402,2.861,38.172,0.386
"8303","12120500","JUANITA CREEK NEAR KIRKLAND, WA",16.7418,0.04,20.6928648,0,10.664,5.225,39.193,0.452
"8306","12124000","EVANS CREEK (ABOVE MOUTH) NEAR REDMOND, WA",33.9516,0.29,44.91711801,0.01,4.411,1.435,13.511,4.021
"8307","12125200","SAMMAMISH RIVER NEAR WOODINVILLE, WA",405.4338,1.93,516.5567176,0,4.186,1.493,13.061,1.654
"8308","12126000","NORTH CREEK NEAR BOTHELL, WA",63.6327,0.05,78.75176589,0,7.204,1.796,32.874,3.929
"8309","12127100","SWAMP CREEK AT KENMORE, WA",58.8636,0,73.54235707,0,7.428,1.88,35.928,3.033
"8310","12128000","THORNTON CREEK NEAR SEATTLE, WA",31.2849,0.09,38.66957551,0,12.268,3.843,43.422,0
"8338","12157000","QUILCEDA CREEK NEAR MARYSVILLE, WA",47.7387,0.06,76.68405823,0,3.452,1.345,16.227,1.97
"8840","14142800","BEAVER CREEK AT TROUTDALE, OR",28.8396,0.22,44.78466876,0,5.909,1.927,24.076,0.393
"8930","14206900","FANNO CREEK AT 56TH AVE, AT PORTLAND, OR",6.2253,0,4.64764401,0,12.883,4.493,30.978,0.622
"8931","14206950","FANNO CREEK AT DURHAM, OR",80.7422,0,60.8343305,0,10.019,3.34,39.519,1.196
"8940","14211315","TRYON CREEK NEAR LAKE OSWEGO, OR",17.11965,0,11.34743815,0,9.269,2.078,22.841,0.373
"8942","14211499","KELLEY CREEK AT SE 159TH DRIVE AT PORTLAND, OR",12.2553,0,8.912762516,0,3.315,1.361,10.337,1.226
"8943","14211500","JOHNSON CREEK AT SYCAMORE, OR",68.4882,0.04,47.81107136,0,4.754,1.813,14.646,0.757
"8944","14211550","JOHNSON CREEK AT MILWAUKIE, OR",137.3274,0.06,93.26108352,0,8.023,2.052,30.31,0.58
